address,subaccount,destination tx,destination chain,destination chain id,amount,token
0xC1d7d33c5E91C768116466a33a222B8e7606D971,1106648280221663087913669485955215208473269033329,0xe8d1d9276be19273416d1f00db1e71a9c8c6bc2a4749c48cc584c5b133c0e269,Arbitrum One,42161,3,USDC
0xC4212B3737Df6459850933D6CB87CC0655622842,1119701880291116760956651274013698929020717115458,0xe8d1d9276be19273416d1f00db1e71a9c8c6bc2a4749c48cc584c5b133c0e269,Arbitrum One,42161,6,USDC
0x9bfF0ea42b11eDd47464C068ecD871577fb6823e,890581534938881551463405025371849839303867138622,0xe8d1d9276be19273416d1f00db1e71a9c8c6bc2a4749c48cc584c5b133c0e269,Arbitrum One,42161,10,USDC
0x79C4213a328E3B4F1D87b4953C14759399dB25E2,695161723837609522944009945752612885624470054370,0xe63b5435678553eb6a895bef6260bff54143f9c8b971f595b135d10752c79e74,Arbitrum One,42161,15,USDC
0xe88B0323b60e476AfDabD449Dfe61421879F99B8,1327585935902460799668997704119146268183695956408,0xe8d1d9276be19273416d1f00db1e71a9c8c6bc2a4749c48cc584c5b133c0e269,Arbitrum One,42161,15,USDC
0x63a61bDc1d763716dEC92a5BFdD5095cB6BD20BC,568894436947518496725263906359443325569338253500,0xe8d1d9276be19273416d1f00db1e71a9c8c6bc2a4749c48cc584c5b133c0e269,Arbitrum One,42161,15,USDC
0x2cC82daB715f534D30d4d2d4A59C5A2e250bCC41,255659721347804457667076311904803601597023898689,0xe63b5435678553eb6a895bef6260bff54143f9c8b971f595b135d10752c79e74,Arbitrum One,42161,15,USDC
0x310A05A1a4786AC5B612bCe6ee755f11a949444a,279964045787862808522630567293494828068661445706,0xe8d1d9276be19273416d1f00db1e71a9c8c6bc2a4749c48cc584c5b133c0e269,Arbitrum One,42161,15,USDC
0xBbfB6566AD064C233af6314Aeb1EEE4C26A5f921,1073187594468558852467062932316272830452324497697,0xe8d1d9276be19273416d1f00db1e71a9c8c6bc2a4749c48cc584c5b133c0e269,Arbitrum One,42161,15,USDC
0x2aeA46cE8eD58911A00c212860C02F6086904bc5,245002154899099349482352838594194534384433908677,0xe8d1d9276be19273416d1f00db1e71a9c8c6bc2a4749c48cc584c5b133c0e269,Arbitrum One,42161,15,USDC
0xd8b07BC1bC3bAe553BCA5E94E99935dC12Df24Ff,1237077718388761893773117200474831015302857172223,0xe8d1d9276be19273416d1f00db1e71a9c8c6bc2a4749c48cc584c5b133c0e269,Arbitrum One,42161,15,USDC
0xe6bAe8495Ca07e26e2E47A1ea4f8579b27A18560,1317236050910481041857756477444009126507709564256,0xe8d1d9276be19273416d1f00db1e71a9c8c6bc2a4749c48cc584c5b133c0e269,Arbitrum One,42161,15,USDC
0xDadAc68f07A1D73F388D2F50494397715409eE0c,1249438847396014571842375843127186379360793390604,0xe63b5435678553eb6a895bef6260bff54143f9c8b971f595b135d10752c79e74,Arbitrum One,42161,15,USDC
0x34bbf3b83F82342F16AC3C5d7D3256F9BE9441bc,301058990416819233722302213996522683723488182716,0xe63b5435678553eb6a895bef6260bff54143f9c8b971f595b135d10752c79e74,Arbitrum One,42161,15,USDC
0x9014C0Aa041d637ed64d022BF237112a6B550532,822557469314974285078957674781545605474532263218,0xe8d1d9276be19273416d1f00db1e71a9c8c6bc2a4749c48cc584c5b133c0e269,Arbitrum One,42161,16,USDC
0x9cDa12B03d2c207970E22Eb9aa2b45c4dd08715a,895465750693954018858140581035261639789583561050,0xe8d1d9276be19273416d1f00db1e71a9c8c6bc2a4749c48cc584c5b133c0e269,Arbitrum One,42161,17,USDC
0x1Fc550e98aD3021e32C47A84019F77a0792c60B7,181379009152844672421348813926818935315381379255,0xe8d1d9276be19273416d1f00db1e71a9c8c6bc2a4749c48cc584c5b133c0e269,Arbitrum One,42161,17,USDC
0x706950294CCc9E1359BE51d154Aa960929ce50A1,641755527614651089114803520707161930266156355745,0xe8d1d9276be19273416d1f00db1e71a9c8c6bc2a4749c48cc584c5b133c0e269,Arbitrum One,42161,18,USDC
0x03446784ce13ecC6a505658316E5a903a1Ea963d,18652440742619428974524661691524364644762949181,0xe8d1d9276be19273416d1f00db1e71a9c8c6bc2a4749c48cc584c5b133c0e269,Arbitrum One,42161,21,USDC
0x85ea3F81786c4f5384C436ea741A5597bDAc68fD,764519679026535592717025091291922098304825714941,0xe63b5435678553eb6a895bef6260bff54143f9c8b971f595b135d10752c79e74,Arbitrum One,42161,24,USDC
0x51FeaB464bb02cCEda0841F208E97e7655703e80,468107561838424647954176315374471433992239332992,0xe8d1d9276be19273416d1f00db1e71a9c8c6bc2a4749c48cc584c5b133c0e269,Arbitrum One,42161,30,USDC
0x527eD206b03780c0AA68fE7A6BB5650fBfdE007B,470965432958541885678718331278356807499995021435,0xe8d1d9276be19273416d1f00db1e71a9c8c6bc2a4749c48cc584c5b133c0e269,Arbitrum One,42161,34,USDC
0x60c8d56B0aDD0C389642E2A63c8CE7BA44Bf0466,552541854380351469863421588547248229761511523430,0xe8d1d9276be19273416d1f00db1e71a9c8c6bc2a4749c48cc584c5b133c0e269,Arbitrum One,42161,34,USDC
0xFFd92144CAfD599A5A93E4805CA4d8f0E666D623,1460634806382616446230506305760591026419025761827,0xe8d1d9276be19273416d1f00db1e71a9c8c6bc2a4749c48cc584c5b133c0e269,Arbitrum One,42161,34,USDC
0xddA42f12B8B2ccc6717c053A2b772baD24B08CbD,1265348383212655287758322168747691638350874184893,0xe8d1d9276be19273416d1f00db1e71a9c8c6bc2a4749c48cc584c5b133c0e269,Arbitrum One,42161,34,USDC
0x8874174A2366668d54fEa6343F71709389563c8a,779011660085597984350542567150773782026688806026,0x83a0daceade337ac3cb8c2f62c18c5f331ee4f966b620be1be2a528a7818d211,Arbitrum One,42161,36,USDC
0x369e1f2dC793f27373428515AC71B8DCa1468Dfb,311811735424710125064266159002903321711487651323,0x83a0daceade337ac3cb8c2f62c18c5f331ee4f966b620be1be2a528a7818d211,Arbitrum One,42161,36,USDC
0x327b9dEe1830F8201efa751fd96F7B1aD0b300A1,288206287848861591130661805073337465685482340513,0x83a0daceade337ac3cb8c2f62c18c5f331ee4f966b620be1be2a528a7818d211,Arbitrum One,42161,49,USDC
0xd05d9c16b666075649e52c767d0069c9f4F04AaC,1189557646880088654177563720678427308587729570476,0x83a0daceade337ac3cb8c2f62c18c5f331ee4f966b620be1be2a528a7818d211,Arbitrum One,42161,61,USDC
0x52E34ecbdeC57c8e81c86db3021435131481CEF2,473206376499358478544731409887606336622935789298,0x83a0daceade337ac3cb8c2f62c18c5f331ee4f966b620be1be2a528a7818d211,Arbitrum One,42161,72,USDC
0x96F3A28836454108f542D8Be888625375032aBD5,861781855247679615787931083072686470075702750165,0x83a0daceade337ac3cb8c2f62c18c5f331ee4f966b620be1be2a528a7818d211,Arbitrum One,42161,175,USDC
0x09481F7598A45200e6cE938b9371f41C28640d18,52989311088505430174860848761303522100707069208,0x83a0daceade337ac3cb8c2f62c18c5f331ee4f966b620be1be2a528a7818d211,Arbitrum One,42161,175,USDC
0xa3A05dAE5F3f9121294A19D8562E2c77FAC93448,934141775654380957977234008147119072230563722312,0x83a0daceade337ac3cb8c2f62c18c5f331ee4f966b620be1be2a528a7818d211,Arbitrum One,42161,188,USDC
0x048699723dA9529806789c834B5b70501A65453F,25837629993797931016863306030970584291818685759,0x83a0daceade337ac3cb8c2f62c18c5f331ee4f966b620be1be2a528a7818d211,Arbitrum One,42161,188,USDC
0x6002EBE4144D7F3b0cD10E2aC0C0F357Eb1c1C51,548128264488046224522849813776096745858491227217,0x83a0daceade337ac3cb8c2f62c18c5f331ee4f966b620be1be2a528a7818d211,Arbitrum One,42161,192,USDC
0x50bDC192dE7E023A4a89480A71338ca1693A857a,460950965156582739548567424006256060657930241402,0x83a0daceade337ac3cb8c2f62c18c5f331ee4f966b620be1be2a528a7818d211,Arbitrum One,42161,208,USDC
0xD20C7B624Ae9b3299fD40e7803D90e9A248B25c1,1199166419073806543034226180435740575968759850433,0x83a0daceade337ac3cb8c2f62c18c5f331ee4f966b620be1be2a528a7818d211,Arbitrum One,42161,209,USDC
0xE9DaDd9deD105D67e6CB7aaDC48bE0c2d45df652,1335075717609868816839808018971256627838291146322,0x83a0daceade337ac3cb8c2f62c18c5f331ee4f966b620be1be2a528a7818d211,Arbitrum One,42161,235,USDC
0x29D995Cc607eB5D2892923BEe73fBA39a05743ED,238920932588329054659497925480645630238863606765,0x83a0daceade337ac3cb8c2f62c18c5f331ee4f966b620be1be2a528a7818d211,Arbitrum One,42161,241,USDC
0xDE9EDb7659FfC872A5661331dbd9b6657227E577,1270938586727827957889778462063176390232160855415,0x83a0daceade337ac3cb8c2f62c18c5f331ee4f966b620be1be2a528a7818d211,Arbitrum One,42161,249,USDC
0xE4Ad12fE03E6e6Aa034729Ef27B4D5E3d5c73E49,1305509579125235769620280554400172850272895712841,0x83a0daceade337ac3cb8c2f62c18c5f331ee4f966b620be1be2a528a7818d211,Arbitrum One,42161,277,USDC
0x3f5FD76Bc2D9d03bA661637b141eE59a477aFcD3,361803755166452071286305704303951269058523626707,0x83a0daceade337ac3cb8c2f62c18c5f331ee4f966b620be1be2a528a7818d211,Arbitrum One,42161,489,USDC
0x9e24f415DF66B07e842Bc925F6C0b204Ed17853F,902844631457961839169171994081835850530876261695,0xd9d1a10b20529ea041c697a01da10c29872c37083aa00b09791b721ba0972d18,Arbitrum One,42161,1914,USDC
0x245e6447ca3bbc48B8a927A3Ce53467d0Cbc2201,207628673455775548376782591570249746025377702401,0xec3d3a919a663fc04ca88b4c7c81e248fa875650e54cd7be4d527c17093b70f0,Arbitrum One,42161,1917,USDC
0xCc072DC8cBBb61B596f5b240CF2abFA8EB99bBE5,1164794210844599515141976576184740804125485808613,0xec3d3a919a663fc04ca88b4c7c81e248fa875650e54cd7be4d527c17093b70f0,Arbitrum One,42161,1921,USDC
0x0372f4f4BAdFa63A45718F9d9d2B10daaf143c3B,19690595940166548732168368238411352721897831483,0xec3d3a919a663fc04ca88b4c7c81e248fa875650e54cd7be4d527c17093b70f0,Arbitrum One,42161,1922,USDC
0x98b69D0B81fb1966eBe0Af76789425706e5aFe7B,871839013336127696766503650577481604386787098235,0xec3d3a919a663fc04ca88b4c7c81e248fa875650e54cd7be4d527c17093b70f0,Arbitrum One,42161,1922,USDC
0xF9107317B0fF77eD5b7ADea15e50514A3564002B,1421905539832959718483467019761708470532848222251,0xec3d3a919a663fc04ca88b4c7c81e248fa875650e54cd7be4d527c17093b70f0,Arbitrum One,42161,1922,USDC
0x3C324ED57b79986AE1774fdcA1Df8b19ca847Fd4,343661350911930136865847287539845333445345837012,0xec3d3a919a663fc04ca88b4c7c81e248fa875650e54cd7be4d527c17093b70f0,Arbitrum One,42161,1923,USDC
0x1297Ad486549A430d59D9d5f99eD7C216b6e77DD,106144341460238243789994915316620348700264134621,0xec3d3a919a663fc04ca88b4c7c81e248fa875650e54cd7be4d527c17093b70f0,Arbitrum One,42161,15471,USDC
0xE797D213c5582350022EAabeac67790c33901a05,1322162580893011248858298733723440457971638737413,0xec3d3a919a663fc04ca88b4c7c81e248fa875650e54cd7be4d527c17093b70f0,Arbitrum One,42161,117181,USDC
0x87aF71ffA2051DC58BbC2da8FDACBC036b701788,774626315146636549210943902661764154912744150920,0xec3d3a919a663fc04ca88b4c7c81e248fa875650e54cd7be4d527c17093b70f0,Arbitrum One,42161,156763,USDC
0x86028f2Ac966985e6064046aFbeB729236b36a2f,765061836397246741724087432395148689148568889903,0xec3d3a919a663fc04ca88b4c7c81e248fa875650e54cd7be4d527c17093b70f0,Arbitrum One,42161,215024,USDC
0x720A68BF0813853Cd3Ed74D2fD0F54EdfC7A43E1,651057080008307176945238459056109356950289531873,0xec3d3a919a663fc04ca88b4c7c81e248fa875650e54cd7be4d527c17093b70f0,Arbitrum One,42161,224510,USDC
0x3C1f6F6E41840Fe4Ac8005f900349066A0eb322D,343240476332469132726882425570689854055192932909,0xec3d3a919a663fc04ca88b4c7c81e248fa875650e54cd7be4d527c17093b70f0,Arbitrum One,42161,559659,USDC
0xc7e2bc2896E52f76180e485b34CEb6Cb8fddaed0,1141145522730436031894252119503746279433115119312,0xec3d3a919a663fc04ca88b4c7c81e248fa875650e54cd7be4d527c17093b70f0,Arbitrum One,42161,603005,USDC
0x7046E6aab8EfCa599bD914AED1760df8Ff13a47F,640988112415756866070180483784820276168093836415,0xec3d3a919a663fc04ca88b4c7c81e248fa875650e54cd7be4d527c17093b70f0,Arbitrum One,42161,682220,USDC
0x409333C59b7642928Bf32Fb7B3478d7D794e2BDa,368658128845762914975810287601150948796323998682,0xec3d3a919a663fc04ca88b4c7c81e248fa875650e54cd7be4d527c17093b70f0,Arbitrum One,42161,773745,USDC
0x698fa9d90a61A190648CbB9e0e938bA0735e32a8,602647833331288328140096829450139563300289917608,0x3632fde459b43f8699b6881365f6be1f234927b6f16d0193510bda61745d84a8,Arbitrum One,42161,799589,USDC
0xfB7f7c9651da27700e6CA226408Cfa98CBfF7Cdd,1435799731191607874398579492413644330802907938013,0x3632fde459b43f8699b6881365f6be1f234927b6f16d0193510bda61745d84a8,Arbitrum One,42161,872850,USDC
0x0f09444368af3c02EFe67c7794654BA139a5dBC4,85841514842655892560572949913543589523886562244,0xfb79d53c826fafd4521355c68960be5112091e68b4828921ffdb41687a9ae644,Arbitrum One,42161,874243,USDC
0x0c452EEECbB312526a2CA0A56D513feBEdb67DaA,70050729091703951337220950728998094334154145194,0x3632fde459b43f8699b6881365f6be1f234927b6f16d0193510bda61745d84a8,Arbitrum One,42161,924063,USDC
0x80aa2a20A83B5874220CfF4F2F2462664c1FFb1b,734545615177864983295863075083745598771879213851,0xfb79d53c826fafd4521355c68960be5112091e68b4828921ffdb41687a9ae644,Arbitrum One,42161,1052481,USDC
0x2D42d6bB3d18A7be35D76b599aee9D3358b22B3E,258395139613378735726010400239737309589276863294,0xfb79d53c826fafd4521355c68960be5112091e68b4828921ffdb41687a9ae644,Arbitrum One,42161,1095205,USDC
0x5c42865d0a5897bbf932d28c1E5373Ea3cb89F32,526710704805223516495158317007981177096973623090,0xfb79d53c826fafd4521355c68960be5112091e68b4828921ffdb41687a9ae644,Arbitrum One,42161,1475325,USDC
0xd1F271b913Eb798d8453DD027A1F0278B12DC490,1198585758107253027711820971776106418204639610000,0xfb79d53c826fafd4521355c68960be5112091e68b4828921ffdb41687a9ae644,Arbitrum One,42161,1541712,USDC
0xA4b0764d1AAe4B8F7324e910fa4bEcdC0a768349,940209723056998192358287654876321346964497531721,0xfb79d53c826fafd4521355c68960be5112091e68b4828921ffdb41687a9ae644,Arbitrum One,42161,1574785,USDC
0xf407c75d0568F9896Efc5dC7152e773cd5A3B55d,1393167220295758302272047854857893416978891388253,0xfb79d53c826fafd4521355c68960be5112091e68b4828921ffdb41687a9ae644,Arbitrum One,42161,1858257,USDC
0x561707f1aA81F57b197b2BD6E26dD2478615a42c,491486815451111898205691521269993322876539085868,0xfb79d53c826fafd4521355c68960be5112091e68b4828921ffdb41687a9ae644,Arbitrum One,42161,2000000,USDC
0x317D7fd184d3C8098eE6193162f8804184fa0a88,282539275476070211927537979995424648132369713800,0xfb79d53c826fafd4521355c68960be5112091e68b4828921ffdb41687a9ae644,Arbitrum One,42161,2043610,USDC
0x855fd2B2a5bB0670e9026170C85e2719d75f3ED9,761432697684031756957478157075935208862346329817,0xfb79d53c826fafd4521355c68960be5112091e68b4828921ffdb41687a9ae644,Arbitrum One,42161,2298603,USDC
0x38c59f2152dd65Eb62022A0EBaCF208eCc3483d8,324110592163173064818544306727869914654325375960,0x3632fde459b43f8699b6881365f6be1f234927b6f16d0193510bda61745d84a8,Arbitrum One,42161,2316481,USDC
0x1be3d97632DC70dD1cddc39aE9dFD8079d35AE3E,159223963559282601498041155776053199561177804350,0xfb79d53c826fafd4521355c68960be5112091e68b4828921ffdb41687a9ae644,Arbitrum One,42161,2886800,USDC
0xa7c89995b915d7416AE3ADfBC60f5aA9fD995e87,957874986895128139068024835965880479537316847239,0xfb79d53c826fafd4521355c68960be5112091e68b4828921ffdb41687a9ae644,Arbitrum One,42161,3251030,USDC
0xb6892E7B4c54bfb77F00E1ef3EF2481Af6C42BE5,1042095571503482850121663562491026837309571214309,0xfb79d53c826fafd4521355c68960be5112091e68b4828921ffdb41687a9ae644,Arbitrum One,42161,3321569,USDC
0x2B975F626533360B5783f6EDd10B3c3e318ED47f,248862324819756629974572824331020378462397322367,0xfb79d53c826fafd4521355c68960be5112091e68b4828921ffdb41687a9ae644,Arbitrum One,42161,3371302,USDC
0x037500C206f8B3a21daC9d84c92e29fBb640Bf27,19736225524745485133412280401891945745905401639,0xfb79d53c826fafd4521355c68960be5112091e68b4828921ffdb41687a9ae644,Arbitrum One,42161,3387391,USDC
0x257032b2B5002ff1702d70C0C19B86178765786C,213734758407866631766882717385166650905668712556,0xfb79d53c826fafd4521355c68960be5112091e68b4828921ffdb41687a9ae644,Arbitrum One,42161,3454354,USDC
0x5699cBA9B3e0E8377DC2FEa21407b72A6Ea9D254,494402961847089137050685016766474298780254065236,0xfb79d53c826fafd4521355c68960be5112091e68b4828921ffdb41687a9ae644,Arbitrum One,42161,4401136,USDC
0xfD9B150f077c27c72f8452f84769f21788a68CDF,1447833114996392964573217346441454769844167019743,0xfb79d53c826fafd4521355c68960be5112091e68b4828921ffdb41687a9ae644,Arbitrum One,42161,4799779,USDC
0xea107f6e0C911f8358876054eCf91069EF3EA27c,1336271753004032891650267224918638330564321387132,0x3632fde459b43f8699b6881365f6be1f234927b6f16d0193510bda61745d84a8,Arbitrum One,42161,5000000,USDC
0x0Bebe2165De412E7925Ab8352E36f3B0493dD3b9,68059268588352012003329817703989809257421591481,0xfb79d53c826fafd4521355c68960be5112091e68b4828921ffdb41687a9ae644,Arbitrum One,42161,8155349,USDC
0x60C63D3F8F6abD0b17c7ad6F32F8245eD3492Dd7,552483997026262432221106616598204014336039005655,0xfb79d53c826fafd4521355c68960be5112091e68b4828921ffdb41687a9ae644,Arbitrum One,42161,8888146,USDC
0xDB1dA02237579B1fBBb0A8d71d12585730264d50,1250929650030090216712046034717380953023298555216,0x86cb7506f6069f79d520f1a43f8661487de9b8f3fed0ba41433f51f82b6cec1f,Arbitrum One,42161,16218412,USDC
0x7ce3789ded2037d2D08E9C85e9febF56Fa95f28c,712987631956060291010460601380968362867592393356,0x0cbf0f14ae10ec670604a9f4e65eed6114e81c6c4ff846b3ab1ff64803388544,Arbitrum One,42161,25008429,USDC
0xb966968d6C58a04CAE205cdd18C3800C46CaA87A,1058451083579380732361977032904833881488732366970,0x0cbf0f14ae10ec670604a9f4e65eed6114e81c6c4ff846b3ab1ff64803388544,Arbitrum One,42161,26753187,USDC
0x8E0Bb427E30706FACaa4f24AefcE7A7377261297,810937691438420318742059068353859675819860169367,0x0cbf0f14ae10ec670604a9f4e65eed6114e81c6c4ff846b3ab1ff64803388544,Arbitrum One,42161,36265108,USDC
0x17Ae58ab79444AD5b8EE2e232CaF13C65c32aF75,135194841624130557373669338000934311695368761205,0x0cbf0f14ae10ec670604a9f4e65eed6114e81c6c4ff846b3ab1ff64803388544,Arbitrum One,42161,47384076,USDC
0xE70aB0F855A2DFb3012c5d6b4ad3355F1e0311d3,1319015291778473291417766652230902211848209371603,0x0cbf0f14ae10ec670604a9f4e65eed6114e81c6c4ff846b3ab1ff64803388544,Arbitrum One,42161,50000000,USDC
0x6Af243bDC68B6481a7187CEc31d4B9B4e4D6006C,610555703145807087304716427420397350619052376172,0x0cbf0f14ae10ec670604a9f4e65eed6114e81c6c4ff846b3ab1ff64803388544,Arbitrum One,42161,50643001,USDC
0x64ac784E6382b7251db86c945F1706Fe612a2B2C,574745285405139935462369977014685517767718349612,0x0cbf0f14ae10ec670604a9f4e65eed6114e81c6c4ff846b3ab1ff64803388544,Arbitrum One,42161,51650397,USDC
0xffc5BB3Ce21EBaF25648dEc737Ea96A2C1C38Bae,1460202204079165953542017397121603443563365108654,0x0cbf0f14ae10ec670604a9f4e65eed6114e81c6c4ff846b3ab1ff64803388544,Arbitrum One,42161,67152134,USDC
0xcA4b599A1dEAC69df773D11A9Fbb697e53cb0328,1154896497033004450892350724182765541107142689576,0x0cbf0f14ae10ec670604a9f4e65eed6114e81c6c4ff846b3ab1ff64803388544,Arbitrum One,42161,70297246,USDC
0xc013111d1b645C722aF99AF85f06B1B73B92b1b6,1096551432970409011722901634907275854698991759798,0x0cbf0f14ae10ec670604a9f4e65eed6114e81c6c4ff846b3ab1ff64803388544,Arbitrum One,42161,110260306,USDC
0xD3d8ea0243220bbc72b31A2ced7F60C14c12d55b,1209434398651420571799034863207137143422054487387,0x0cbf0f14ae10ec670604a9f4e65eed6114e81c6c4ff846b3ab1ff64803388544,Arbitrum One,42161,113327104,USDC
0x8dC691045343aA88B4B91298de10db6f134ba4c5,809395878988737275598678587799449582844563399877,0x0cbf0f14ae10ec670604a9f4e65eed6114e81c6c4ff846b3ab1ff64803388544,Arbitrum One,42161,135563763,USDC
0xb4c1aa307522Bcc893a9a97Ac96B5e0f1C10160D,1031937208149469578659621199823381680002488604173,0x0cbf0f14ae10ec670604a9f4e65eed6114e81c6c4ff846b3ab1ff64803388544,Arbitrum One,42161,145849015,USDC
0x4C5558b6E05adC6798C9f8e7959F42Ba7b0D0940,435786590035258529432243447358351007358028417344,0x0cbf0f14ae10ec670604a9f4e65eed6114e81c6c4ff846b3ab1ff64803388544,Arbitrum One,42161,204659095,USDC
0xf9168147D72c1d16234dbdF37dEC5A8166Aa6599,1422040580260450033800971417709315158473569887641,0x0cbf0f14ae10ec670604a9f4e65eed6114e81c6c4ff846b3ab1ff64803388544,Arbitrum One,42161,326211554,USDC
0x1F12F614E39f93b451903De3eBAFE70a3A1891fA,177401564039662453951426035374951341471890444794,0x0cbf0f14ae10ec670604a9f4e65eed6114e81c6c4ff846b3ab1ff64803388544,Arbitrum One,42161,372837115,USDC
0x364c098AD0Dd42766360923aB04d4e580e28BB99,309981189506743951346785741113058215806804474777,0x0cbf0f14ae10ec670604a9f4e65eed6114e81c6c4ff846b3ab1ff64803388544,Arbitrum One,42161,466522071,USDC
0xb8Ff99c9aB9C920372343a87f6E0a2F0F2db71A8,1056154388661826038880341271000159560284845601192,0x0cbf0f14ae10ec670604a9f4e65eed6114e81c6c4ff846b3ab1ff64803388544,Arbitrum One,42161,478162929,USDC
0x70df47B9823370462e82B3A3990d3DeBbF94001D,644386280609148114807867874311262578981333106717,0x0cbf0f14ae10ec670604a9f4e65eed6114e81c6c4ff846b3ab1ff64803388544,Arbitrum One,42161,516446964,USDC
0xbB3406CD37b3D4c1F0e35c948051060D23d7DED4,1068741505400023668931093364511211057447119085268,0x86cb7506f6069f79d520f1a43f8661487de9b8f3fed0ba41433f51f82b6cec1f,Arbitrum One,42161,692217155,USDC
0x32802F989B4348A51DD0E61D23B78BE1a0543469,288308180133342157339562283647221998478131737705,0x86cb7506f6069f79d520f1a43f8661487de9b8f3fed0ba41433f51f82b6cec1f,Arbitrum One,42161,797794490,USDC
0x4D8f63204690B54C2566690AF4B6590B28128011,442789931015965835811267023063254664568177328145,0x0cbf0f14ae10ec670604a9f4e65eed6114e81c6c4ff846b3ab1ff64803388544,Arbitrum One,42161,992102131,USDC
0x899B2d61a5943Dd2452cbc9Ff5d158c63a2275dd,785592304388987115074891575048335776508666869213,0xe6a6b9677f37f32e0f6a7aeee6e61fbbecccc8cb293c422f05e604b0dce30f04,Arbitrum One,42161,2,WETH
0x5dd6Fd6f17b550F45129E4e62bF4e7BD7e05f6D0,535730578370299784256548811818008169447489402576,0x07e6d884619711e3dbd55b93f2eec254fdf010829afc8112e957aea054e05e80,Arbitrum One,42161,960913827,WETH
0xa3A05dAE5F3f9121294A19D8562E2c77FAC93448,934141775654380957977234008147119072230563722312,0x5a80079613a2db79b70f9b5bbe73d28cebf494adc1301dc5384646c2757d97ae,Arbitrum One,42161,426905144475,WETH
0x01249Eac196E9028aee4E2DdbF4D6CD3eB59F42a,6525639901520046917012564426141823165129159722,0x5a80079613a2db79b70f9b5bbe73d28cebf494adc1301dc5384646c2757d97ae,Arbitrum One,42161,1688877726982,WETH
0x03446784ce13ecC6a505658316E5a903a1Ea963d,18652440742619428974524661691524364644762949181,0x5a80079613a2db79b70f9b5bbe73d28cebf494adc1301dc5384646c2757d97ae,Arbitrum One,42161,2286852237528,WETH
0xB149f353383aB92e74c4cbA3fEB848b04bfB3617,1012140517438971880364586803237563644976211637783,0x5a80079613a2db79b70f9b5bbe73d28cebf494adc1301dc5384646c2757d97ae,Arbitrum One,42161,5190985633654,WETH
0x17dAF278f0d4e406B435EA74387f52D0b18C5c25,136189472509427612237441476995960300704031857701,0x5a80079613a2db79b70f9b5bbe73d28cebf494adc1301dc5384646c2757d97ae,Arbitrum One,42161,15908740768475,WETH
0xEAFEFb44c6b5802Df613877B37d1bC7Ddb81300b,1341590118240304598080891206944726323783895429131,0x5a80079613a2db79b70f9b5bbe73d28cebf494adc1301dc5384646c2757d97ae,Arbitrum One,42161,33403789384336,WETH
0xcC7AeF45ADe774f0Db835400B5Fa58c7573F75D6,1167375651709263242897852232121781054303593526742,0x5a80079613a2db79b70f9b5bbe73d28cebf494adc1301dc5384646c2757d97ae,Arbitrum One,42161,37367679951448,WETH
0xDE9EDb7659FfC872A5661331dbd9b6657227E577,1270938586727827957889778462063176390232160855415,0x5a80079613a2db79b70f9b5bbe73d28cebf494adc1301dc5384646c2757d97ae,Arbitrum One,42161,50723553919827,WETH
0xDfd77a848618b3428C79790b5222b85c2adfcfe5,1277910274905801208577025424895742382432527044581,0x5a80079613a2db79b70f9b5bbe73d28cebf494adc1301dc5384646c2757d97ae,Arbitrum One,42161,61831999463879,WETH
0x8874174A2366668d54fEa6343F71709389563c8a,779011660085597984350542567150773782026688806026,0x5a80079613a2db79b70f9b5bbe73d28cebf494adc1301dc5384646c2757d97ae,Arbitrum One,42161,63924115752579,WETH
0xB2937626152956D7B5bfFFD4a22d021C8592d6bE,1019488858959425761080284189671793694125291919038,0x5a80079613a2db79b70f9b5bbe73d28cebf494adc1301dc5384646c2757d97ae,Arbitrum One,42161,66065293358346,WETH
0x245e6447ca3bbc48B8a927A3Ce53467d0Cbc2201,207628673455775548376782591570249746025377702401,0x5a80079613a2db79b70f9b5bbe73d28cebf494adc1301dc5384646c2757d97ae,Arbitrum One,42161,67094893068088,WETH
0x51FeaB464bb02cCEda0841F208E97e7655703e80,468107561838424647954176315374471433992239332992,0xfe46cac5ff46e35b43f4c641e2efb16f3cf6d3400e81f9be7821b5254142d351,Arbitrum One,42161,69782833450300,WETH
0xCc072DC8cBBb61B596f5b240CF2abFA8EB99bBE5,1164794210844599515141976576184740804125485808613,0x5a80079613a2db79b70f9b5bbe73d28cebf494adc1301dc5384646c2757d97ae,Arbitrum One,42161,78398357127392,WETH
0xf845A40a01763ba1b83462BEeCee331bc4653ED1,1417382752402670421396421705249776961009649794769,0x5a80079613a2db79b70f9b5bbe73d28cebf494adc1301dc5384646c2757d97ae,Arbitrum One,42161,95790000000000,WETH
0x4D234519EEFb6BEcA8Dd7d192939bB218218DB00,440378835007834398132623440960474700887686175488,0x5a80079613a2db79b70f9b5bbe73d28cebf494adc1301dc5384646c2757d97ae,Arbitrum One,42161,95810000000000,WETH
0xbeF9e0A71FF9DF644b08E0e4C38c22AbC6328b1F,1090280702032671105568999511830212450382941162271,0x5a80079613a2db79b70f9b5bbe73d28cebf494adc1301dc5384646c2757d97ae,Arbitrum One,42161,95914000000000,WETH
0x30878aB35F39392081faeCAF61c6d12C4E7cB799,277054240133921972242699439281230441736715417497,0x5a80079613a2db79b70f9b5bbe73d28cebf494adc1301dc5384646c2757d97ae,Arbitrum One,42161,96078000000000,WETH
0xc69C0C60766c2bBe17eAFE67Eec59aaAf13a868D,1133860167046039967309002226209859911773494871693,0x5a80079613a2db79b70f9b5bbe73d28cebf494adc1301dc5384646c2757d97ae,Arbitrum One,42161,100000000000000,WETH
0x67B0267d9A49a648b8e42754a08cd74530246d5F,591954333557041654338797667134964648960942435679,0x5a80079613a2db79b70f9b5bbe73d28cebf494adc1301dc5384646c2757d97ae,Arbitrum One,42161,100000000000000,WETH
0xf9168147D72c1d16234dbdF37dEC5A8166Aa6599,1422040580260450033800971417709315158473569887641,0x5a80079613a2db79b70f9b5bbe73d28cebf494adc1301dc5384646c2757d97ae,Arbitrum One,42161,109628044001028,WETH
0x9333c471fb0aBb0A189189933bfC0D1A4584c9f7,840376094109871502437959905853753152991815584247,0x05b561bc9229f5a4ef15588ebfe6c32596e5868c07847ae016444f3c01a43595,Arbitrum One,42161,140069481551825,WETH
0x0372f4f4BAdFa63A45718F9d9d2B10daaf143c3B,19690595940166548732168368238411352721897831483,0x05b561bc9229f5a4ef15588ebfe6c32596e5868c07847ae016444f3c01a43595,Arbitrum One,42161,155593259274160,WETH
0xc46963dFEa191E308Eb852bC90a6B97E9cB58Db5,1121312469637763100567796118208528305357952748981,0xfbdc380d900232a79a03ab61ce5a0e87549501cfdc2cd992509ba585d51ef29f,Arbitrum One,42161,192696189463879,WETH
0x79D26BbdF03dD196f70A807e0bF84C4b2f10FAb1,695480425408673759776731161179013138358218062513,0x05b561bc9229f5a4ef15588ebfe6c32596e5868c07847ae016444f3c01a43595,Arbitrum One,42161,196878492678435,WETH
0xa54C2133156E11394A0e04Df39cE77290456562B,943681225909343599819035858103268778415779894827,0xfbdc380d900232a79a03ab61ce5a0e87549501cfdc2cd992509ba585d51ef29f,Arbitrum One,42161,204492548444536,WETH
0xA337aAF766dB4d26D14Aa092E600f98671378146,931806929905277988839580106961761943153184047430,0x05b561bc9229f5a4ef15588ebfe6c32596e5868c07847ae016444f3c01a43595,Arbitrum One,42161,230538000000000,WETH
0x4D8f63204690B54C2566690AF4B6590B28128011,442789931015965835811267023063254664568177328145,0x05b561bc9229f5a4ef15588ebfe6c32596e5868c07847ae016444f3c01a43595,Arbitrum One,42161,258906638261696,WETH
0x84A3ACe08561056953afBa7f6c13B859a48E22e1,757236862929828847815060819230977262289781924577,0x05b561bc9229f5a4ef15588ebfe6c32596e5868c07847ae016444f3c01a43595,Arbitrum One,42161,289420000000000,WETH
0x2d991BFFfC127fE9Fb468235218ddDe7644FdBC2,260319037841233196982314015017511893876798905282,0xfbdc380d900232a79a03ab61ce5a0e87549501cfdc2cd992509ba585d51ef29f,Arbitrum One,42161,289420000000000,WETH
0x4C5558b6E05adC6798C9f8e7959F42Ba7b0D0940,435786590035258529432243447358351007358028417344,0x05b561bc9229f5a4ef15588ebfe6c32596e5868c07847ae016444f3c01a43595,Arbitrum One,42161,293127131665133,WETH
0xDD7a59898b61EfaE6fE69ED47d617baBb08CefA1,1264415451063692671234921572559145791091674771361,0x05b561bc9229f5a4ef15588ebfe6c32596e5868c07847ae016444f3c01a43595,Arbitrum One,42161,295551951747904,WETH
0xC1d7d33c5E91C768116466a33a222B8e7606D971,1106648280221663087913669485955215208473269033329,0x05b561bc9229f5a4ef15588ebfe6c32596e5868c07847ae016444f3c01a43595,Arbitrum One,42161,296692384268404,WETH
0xbDec7287C08C0c153F9843C4796D59e3BF7178E4,1084272208547213593959563917547592132487587920100,0x05b561bc9229f5a4ef15588ebfe6c32596e5868c07847ae016444f3c01a43595,Arbitrum One,42161,354779686588503,WETH
0x2905262fBDC7c33dd3a1dcE0C1308AE9e0B37cdC,234183451842168044029232105386501903607496146140,0xfbdc380d900232a79a03ab61ce5a0e87549501cfdc2cd992509ba585d51ef29f,Arbitrum One,42161,372259703339144,WETH
0xE4Ad12fE03E6e6Aa034729Ef27B4D5E3d5c73E49,1305509579125235769620280554400172850272895712841,0x05b561bc9229f5a4ef15588ebfe6c32596e5868c07847ae016444f3c01a43595,Arbitrum One,42161,380549083964828,WETH
0x785DC7204e2Da8694c045e615562e946AADbf914,687170208140177105436407721074906883564058179860,0x05b561bc9229f5a4ef15588ebfe6c32596e5868c07847ae016444f3c01a43595,Arbitrum One,42161,383640000000000,WETH
0xa32225905A612D9A49FCc4BDa69d0b9Cd8c9e7C5,931326993256411292729466812781525211597538715589,0x05b561bc9229f5a4ef15588ebfe6c32596e5868c07847ae016444f3c01a43595,Arbitrum One,42161,389883667136701,WETH
0xEd4AAfB098E8af0168A934e8a60883067fD5F435,1354696372572926687247848564514027946196992390197,0x05b561bc9229f5a4ef15588ebfe6c32596e5868c07847ae016444f3c01a43595,Arbitrum One,42161,400000000000000,WETH
0xce916053B71C1a7A5178E3Cc7602E06629d28354,1179294098109778430343499395571752134029199180628,0x05b561bc9229f5a4ef15588ebfe6c32596e5868c07847ae016444f3c01a43595,Arbitrum One,42161,466768000000000,WETH
0x85ea3F81786c4f5384C436ea741A5597bDAc68fD,764519679026535592717025091291922098304825714941,0x05b561bc9229f5a4ef15588ebfe6c32596e5868c07847ae016444f3c01a43595,Arbitrum One,42161,475021982000000,WETH
0x9014C0Aa041d637ed64d022BF237112a6B550532,822557469314974285078957674781545605474532263218,0x05b561bc9229f5a4ef15588ebfe6c32596e5868c07847ae016444f3c01a43595,Arbitrum One,42161,483643310684384,WETH
0x856565Db827588a88780454863F98A4A323E13Aa,761557020820749623075198634128626128127407297450,0xfbdc380d900232a79a03ab61ce5a0e87549501cfdc2cd992509ba585d51ef29f,Arbitrum One,42161,484280000000000,WETH
0x7541d8Dd02b93171e8F8a5C779D45f4569538437,669420360084078098353506588210940308692569130039,0x05b561bc9229f5a4ef15588ebfe6c32596e5868c07847ae016444f3c01a43595,Arbitrum One,42161,506770848649382,WETH
0x3f5FD76Bc2D9d03bA661637b141eE59a477aFcD3,361803755166452071286305704303951269058523626707,0xfbdc380d900232a79a03ab61ce5a0e87549501cfdc2cd992509ba585d51ef29f,Arbitrum One,42161,510306633084572,WETH
0x9e24f415DF66B07e842Bc925F6C0b204Ed17853F,902844631457961839169171994081835850530876261695,0xfbdc380d900232a79a03ab61ce5a0e87549501cfdc2cd992509ba585d51ef29f,Arbitrum One,42161,518530454032713,WETH
0x14c681a2995A195e5F8004FdCD9750aBd868CD59,118606655780254196740138918006369808904178158937,0x05b561bc9229f5a4ef15588ebfe6c32596e5868c07847ae016444f3c01a43595,Arbitrum One,42161,568860000000000,WETH
0x3C324ED57b79986AE1774fdcA1Df8b19ca847Fd4,343661350911930136865847287539845333445345837012,0x05b561bc9229f5a4ef15588ebfe6c32596e5868c07847ae016444f3c01a43595,Arbitrum One,42161,576048385116192,WETH
0xe76d0d3c7aF5fa2C0806F221cBA88d7E044178AA,1321208802327048898466822952854308422305693399210,0xfbdc380d900232a79a03ab61ce5a0e87549501cfdc2cd992509ba585d51ef29f,Arbitrum One,42161,586824000000000,WETH
0xDD080cC45e0C5e594D8ae08d0772E6A04fcB0773,1261866478481443530255447635989768312155557005171,0xfbdc380d900232a79a03ab61ce5a0e87549501cfdc2cd992509ba585d51ef29f,Arbitrum One,42161,592124465018082,WETH
0x50bDC192dE7E023A4a89480A71338ca1693A857a,460950965156582739548567424006256060657930241402,0xfbdc380d900232a79a03ab61ce5a0e87549501cfdc2cd992509ba585d51ef29f,Arbitrum One,42161,611633269093450,WETH
0x09481F7598A45200e6cE938b9371f41C28640d18,52989311088505430174860848761303522100707069208,0x76ab5e42ab7fa9e3c8c9de5c562e26a8f683c2878516418de862a795e1669396,Arbitrum One,42161,624185181083983,WETH
0xF300E080b2b98E110C096a3C9FDB9825F2c4BF25,1387304314255950724185337781277600798150335184677,0x76ab5e42ab7fa9e3c8c9de5c562e26a8f683c2878516418de862a795e1669396,Arbitrum One,42161,629083406197612,WETH
0x9cDa12B03d2c207970E22Eb9aa2b45c4dd08715a,895465750693954018858140581035261639789583561050,0x76ab5e42ab7fa9e3c8c9de5c562e26a8f683c2878516418de862a795e1669396,Arbitrum One,42161,642757201625536,WETH
0xb1A3Ac04c2A37C692a017010E226241626C0D1d1,1014141372836208916728476743219380008281220108753,0x565fffeadd7635e0e02cc7c7a3bef818a7eccc215194a12e67be229a185d944f,Arbitrum One,42161,724699150637818,WETH
0x36Cd4e5766e09c4e86D04a8f8812021E84644ED6,312863978889802211817280215812268645713352871638,0x76ab5e42ab7fa9e3c8c9de5c562e26a8f683c2878516418de862a795e1669396,Arbitrum One,42161,736488000000000,WETH
0xF4F2D8BB321D3aCA51BDb146BB01F3C5399A6870,1398409408372238297949193841681781801789769279600,0x76ab5e42ab7fa9e3c8c9de5c562e26a8f683c2878516418de862a795e1669396,Arbitrum One,42161,756653910075633,WETH
0x369e1f2dC793f27373428515AC71B8DCa1468Dfb,311811735424710125064266159002903321711487651323,0x76ab5e42ab7fa9e3c8c9de5c562e26a8f683c2878516418de862a795e1669396,Arbitrum One,42161,763355599463934,WETH
0xE9DaDd9deD105D67e6CB7aaDC48bE0c2d45df652,1335075717609868816839808018971256627838291146322,0x76ab5e42ab7fa9e3c8c9de5c562e26a8f683c2878516418de862a795e1669396,Arbitrum One,42161,764514457000327,WETH
0xf0e72983Be9B320F566a85D5367177e1F2A5EDfe,1375312873572654469122554530295418694014656179710,0x76ab5e42ab7fa9e3c8c9de5c562e26a8f683c2878516418de862a795e1669396,Arbitrum One,42161,784659683193887,WETH
0xa8F4A971e71Bba82514e669075326c7a923Ea6B8,964566592062272083559939016936362217826764629688,0x76ab5e42ab7fa9e3c8c9de5c562e26a8f683c2878516418de862a795e1669396,Arbitrum One,42161,790416000000000,WETH
0xcde3725B25D6d9bC78CF0941cC15Fd9710c764b9,1175415338995542167981376371330497892582295037113,0x76ab5e42ab7fa9e3c8c9de5c562e26a8f683c2878516418de862a795e1669396,Arbitrum One,42161,796839268083475,WETH
0xf9e1D1e9F22c96752356AdFd377231528c7E851E,1426574655680261349894906993726847371724680234270,0x565fffeadd7635e0e02cc7c7a3bef818a7eccc215194a12e67be229a185d944f,Arbitrum One,42161,818905695253235,WETH
0x39494011a14d32821769d155D1b4ef69d0e8608b,327046009521957997289226598972749183914068172939,0x565fffeadd7635e0e02cc7c7a3bef818a7eccc215194a12e67be229a185d944f,Arbitrum One,42161,826344000000000,WETH
0x16CC9a8296e1E7D902e1d5171Ba7A0486E7b0309,130160608707923076044915693061002488463543173897,0x76ab5e42ab7fa9e3c8c9de5c562e26a8f683c2878516418de862a795e1669396,Arbitrum One,42161,868260000000000,WETH
0x39555C88dD5a59A4556a3658c89F3DFc7DF03Ad2,327316098181770090978684805858942423651769662162,0x565fffeadd7635e0e02cc7c7a3bef818a7eccc215194a12e67be229a185d944f,Arbitrum One,42161,874248000000000,WETH
0x795d64E1585DeF2b83784e7f55129Ae86C6eD416,692870640482733461800502747388137319485299151894,0x76ab5e42ab7fa9e3c8c9de5c562e26a8f683c2878516418de862a795e1669396,Arbitrum One,42161,880236000000000,WETH
0x260fDCBbcDB9c12148fB627d136cf1A6D97C6f7e,217295389078447693934643819026046891256998293374,0x76ab5e42ab7fa9e3c8c9de5c562e26a8f683c2878516418de862a795e1669396,Arbitrum One,42161,886224000000000,WETH
0xEbB36ba7e9f52298d4d57A1CDd0D999d17c94d28,1345614042686872181338940849417537813182212033832,0x76ab5e42ab7fa9e3c8c9de5c562e26a8f683c2878516418de862a795e1669396,Arbitrum One,42161,902192000000000,WETH
0x706950294CCc9E1359BE51d154Aa960929ce50A1,641755527614651089114803520707161930266156355745,0x76ab5e42ab7fa9e3c8c9de5c562e26a8f683c2878516418de862a795e1669396,Arbitrum One,42161,908615116000448,WETH
0x90eaa418AEaC09552bd35E4b94D92A9990E62a00,827327340188937607703552228801027464514295441920,0x76ab5e42ab7fa9e3c8c9de5c562e26a8f683c2878516418de862a795e1669396,Arbitrum One,42161,930940000000000,WETH
0x2f1BE7E9D6f5AE564f82B7cdD79a3A51222E86ba,268944888858652953465229969047347546876929803962,0x76ab5e42ab7fa9e3c8c9de5c562e26a8f683c2878516418de862a795e1669396,Arbitrum One,42161,960420000000000,WETH
0xb6eE008B50867AB5863Ec7f8f8999B82D17D6BD4,1044343945053474580006216994497870167203823578068,0x565fffeadd7635e0e02cc7c7a3bef818a7eccc215194a12e67be229a185d944f,Arbitrum One,42161,968336000000000,WETH
0x2202016Be19d4C1962faae71ef49bC4c4162e214,194150411520799830503734766422143762679604634132,0x76ab5e42ab7fa9e3c8c9de5c562e26a8f683c2878516418de862a795e1669396,Arbitrum One,42161,968992000000000,WETH
0x4C7B7D44B696a99fF8070C4cF1b67f4b45B3C567,436637202659675271305670744474395647803764491623,0x76ab5e42ab7fa9e3c8c9de5c562e26a8f683c2878516418de862a795e1669396,Arbitrum One,42161,980860000000000,WETH
0x63a61bDc1d763716dEC92a5BFdD5095cB6BD20BC,568894436947518496725263906359443325569338253500,0x565fffeadd7635e0e02cc7c7a3bef818a7eccc215194a12e67be229a185d944f,Arbitrum One,42161,984286369559648,WETH
0x2E3B324fA334FD0588DE072a66a3D4D22A9ac24A,263933702138152794284260182028687552642052440650,0x565fffeadd7635e0e02cc7c7a3bef818a7eccc215194a12e67be229a185d944f,Arbitrum One,42161,995790000000000,WETH
0x3889e903AC79adf0E9c0a75be64852D8bC1fe92C,322778983671061920766582095139868381901318252844,0x565fffeadd7635e0e02cc7c7a3bef818a7eccc215194a12e67be229a185d944f,Arbitrum One,42161,996441100000000,WETH
0xd47f59Ed8d4E889363A79a56fEDf64223609E29f,1213146071883065171846495404952546026634019988127,0x76ab5e42ab7fa9e3c8c9de5c562e26a8f683c2878516418de862a795e1669396,Arbitrum One,42161,1000000000000000,WETH
0x2D8D56559e0636D51D259ceA48Ff1e2234c2030d,260056510550707205364334680983745037316405723917,0x40ba3cd9d4ae58d9526e7000c0434af1faef9aa545b5e7bdfd6fdefb1603032e,Arbitrum One,42161,1000000000000000,WETH
0x561707f1aA81F57b197b2BD6E26dD2478615a42c,491486815451111898205691521269993322876539085868,0x40ba3cd9d4ae58d9526e7000c0434af1faef9aa545b5e7bdfd6fdefb1603032e,Arbitrum One,42161,1000000000000000,WETH
0x1567029cbE430e21475B03B3d58231D3C624d2C4,122186010504271877058370922778374080668209828548,0x40ba3cd9d4ae58d9526e7000c0434af1faef9aa545b5e7bdfd6fdefb1603032e,Arbitrum One,42161,1000000000000000,WETH
0x5dA68351bD082aBDA73E42Ac981dB51d9364fe69,534649504913168436848806270199584941591536926313,0x40ba3cd9d4ae58d9526e7000c0434af1faef9aa545b5e7bdfd6fdefb1603032e,Arbitrum One,42161,1000000000000000,WETH
0x040007A949fa726f50810f6C98b1B620b50793a2,22836630475350928978127673246863709515446457250,0x40ba3cd9d4ae58d9526e7000c0434af1faef9aa545b5e7bdfd6fdefb1603032e,Arbitrum One,42161,1000000000000000,WETH
0x206D9CdfAeA22Fb1c2D38B2F50A32528f506b42f,185132151524703671380232196191524198948532565039,0x40ba3cd9d4ae58d9526e7000c0434af1faef9aa545b5e7bdfd6fdefb1603032e,Arbitrum One,42161,1000000000000000,WETH
0xf9cb583de6B3375A8CCd32be172Fd810B69a0eE7,1426073440155477117985582933381983950302676127463,0x40ba3cd9d4ae58d9526e7000c0434af1faef9aa545b5e7bdfd6fdefb1603032e,Arbitrum One,42161,1000000000000000,WETH
0xD3bE821bAfb7fAE1EeE227780b0725cdb275141F,1208845528249916171797628185105905874170449040415,0xde6847441a1e1cc63dd0faf003c7273a89aea16958d29ed44ca92b4110e0343e,Arbitrum One,42161,1021368400000000,WETH
0x2162d991F68Cb0991A1b726DA341c04E128db3CB,190601121501353691234526847537054710559364985803,0x40ba3cd9d4ae58d9526e7000c0434af1faef9aa545b5e7bdfd6fdefb1603032e,Arbitrum One,42161,1025249990791444,WETH
0xA88882C2833cd62a233c15adD793dB811b708075,962154741631800265346021691490874359197669032053,0xde6847441a1e1cc63dd0faf003c7273a89aea16958d29ed44ca92b4110e0343e,Arbitrum One,42161,1053888000000000,WETH
0x29D995Cc607eB5D2892923BEe73fBA39a05743ED,238920932588329054659497925480645630238863606765,0x40ba3cd9d4ae58d9526e7000c0434af1faef9aa545b5e7bdfd6fdefb1603032e,Arbitrum One,42161,1192610000000000,WETH
0xD3d8ea0243220bbc72b31A2ced7F60C14c12d55b,1209434398651420571799034863207137143422054487387,0x40ba3cd9d4ae58d9526e7000c0434af1faef9aa545b5e7bdfd6fdefb1603032e,Arbitrum One,42161,1235690679433864,WETH
0x1845993834f6D011D46D25f4920a12D7443dEdFC,138567877224432249430486594546676376569840004604,0x40ba3cd9d4ae58d9526e7000c0434af1faef9aa545b5e7bdfd6fdefb1603032e,Arbitrum One,42161,1718556000000000,WETH
0x871E527FeB155e5ee0c638fA841Eb457340bdE45,771389963152960789072129137755696856475665948229,0x40ba3cd9d4ae58d9526e7000c0434af1faef9aa545b5e7bdfd6fdefb1603032e,Arbitrum One,42161,1750117359292563,WETH
0x96F3A28836454108f542D8Be888625375032aBD5,861781855247679615787931083072686470075702750165,0xde6847441a1e1cc63dd0faf003c7273a89aea16958d29ed44ca92b4110e0343e,Arbitrum One,42161,1824519577964975,WETH
0xC958C5D9A32BD8Afc2b7052985fAe7988238Bb9D,1149486845691556444823075482442430595972042636189,0x40ba3cd9d4ae58d9526e7000c0434af1faef9aa545b5e7bdfd6fdefb1603032e,Arbitrum One,42161,1861158385819376,WETH
0xCB53a818042Db647cb01672751B0E4efCa29cF55,1160790731365085069392383714646020971174700896085,0x40ba3cd9d4ae58d9526e7000c0434af1faef9aa545b5e7bdfd6fdefb1603032e,Arbitrum One,42161,1879688601822550,WETH
0x1619cAF288BB1925CDE2387f99e948a6B582dcDC,126172994799925222543292921288679002560620846300,0x40ba3cd9d4ae58d9526e7000c0434af1faef9aa545b5e7bdfd6fdefb1603032e,Arbitrum One,42161,1908176000000000,WETH
0xDadAc68f07A1D73F388D2F50494397715409eE0c,1249438847396014571842375843127186379360793390604,0x40ba3cd9d4ae58d9526e7000c0434af1faef9aa545b5e7bdfd6fdefb1603032e,Arbitrum One,42161,1984208199207232,WETH
0xBbfB6566AD064C233af6314Aeb1EEE4C26A5f921,1073187594468558852467062932316272830452324497697,0x40ba3cd9d4ae58d9526e7000c0434af1faef9aa545b5e7bdfd6fdefb1603032e,Arbitrum One,42161,1984274867524064,WETH
0x310A05A1a4786AC5B612bCe6ee755f11a949444a,279964045787862808522630567293494828068661445706,0xde6847441a1e1cc63dd0faf003c7273a89aea16958d29ed44ca92b4110e0343e,Arbitrum One,42161,1984286369559648,WETH
0x52E34ecbdeC57c8e81c86db3021435131481CEF2,473206376499358478544731409887606336622935789298,0xde6847441a1e1cc63dd0faf003c7273a89aea16958d29ed44ca92b4110e0343e,Arbitrum One,42161,1987465162412000,WETH
0xC4212B3737Df6459850933D6CB87CC0655622842,1119701880291116760956651274013698929020717115458,0xde6847441a1e1cc63dd0faf003c7273a89aea16958d29ed44ca92b4110e0343e,Arbitrum One,42161,1993544518331000,WETH
0x7241F8C96055EA073630fcAE484104C4590E2a7C,652296168683541003400120931080972520133697088124,0x40ba3cd9d4ae58d9526e7000c0434af1faef9aa545b5e7bdfd6fdefb1603032e,Arbitrum One,42161,1993624000000000,WETH
0x1568Fe026BcE69ea238b18E2B05294a5169cbde2,122230211032438372665383623737908669583007202786,0xde6847441a1e1cc63dd0faf003c7273a89aea16958d29ed44ca92b4110e0343e,Arbitrum One,42161,2000000000000000,WETH
0xb14bE0a9f67eF3E8bBf44CfC516aD17D186B3Aa2,1012183493313127379890631936276135561045603990178,0x40ba3cd9d4ae58d9526e7000c0434af1faef9aa545b5e7bdfd6fdefb1603032e,Arbitrum One,42161,2013303542854392,WETH
0x7fF81c6b86B5aB5295016b75C4689592ba52EcC0,730574888437142395945471890892257212445043649728,0xde6847441a1e1cc63dd0faf003c7273a89aea16958d29ed44ca92b4110e0343e,Arbitrum One,42161,2305380000000000,WETH
0xdF3Bf59DAED6aD6bf7bF6Dd5302dd752025Fb61C,1274442082027214748722359735423256236632855000604,0x40ba3cd9d4ae58d9526e7000c0434af1faef9aa545b5e7bdfd6fdefb1603032e,Arbitrum One,42161,2344136933128062,WETH
0x4ac23eC39D202F12A2d4585928b79C27b89033b0,426797129135124287988459526834801538256507777968,0xde6847441a1e1cc63dd0faf003c7273a89aea16958d29ed44ca92b4110e0343e,Arbitrum One,42161,2371248000000000,WETH
0x6A6adDFAe67ce447670BC93FFdaAD639b628D15D,607536237890524798758310151968067510353477030237,0xde6847441a1e1cc63dd0faf003c7273a89aea16958d29ed44ca92b4110e0343e,Arbitrum One,42161,2482188267315028,WETH
0x3fd78bEa07849b766742180198523982eD30112A,364473267023397480486192184412892724991311745322,0xf01e6cafdf193fceca86da770a9908bac1fb0b8866a44933c54a471c39039fbb,Arbitrum One,42161,2500000000000000,WETH
0xb4c1aa307522Bcc893a9a97Ac96B5e0f1C10160D,1031937208149469578659621199823381680002488604173,0xf01e6cafdf193fceca86da770a9908bac1fb0b8866a44933c54a471c39039fbb,Arbitrum One,42161,2587341561506592,WETH
0x0dbb6c61D3C7cd21518cB8cE102b8E8C9B78aCE1,78396560788609896499369040627685400877892938977,0xf01e6cafdf193fceca86da770a9908bac1fb0b8866a44933c54a471c39039fbb,Arbitrum One,42161,2704580000000000,WETH
0xCa973383B5C6dBCE6cf11B31F9959386bf9cF72F,1156588035776589094622464855424627013453573060399,0xf01e6cafdf193fceca86da770a9908bac1fb0b8866a44933c54a471c39039fbb,Arbitrum One,42161,2704580000000000,WETH
0xB3623D62FF30fadB5B2e127C07cab0D1b0808276,1024100168543244528688568674615274510385351262838,0xf01e6cafdf193fceca86da770a9908bac1fb0b8866a44933c54a471c39039fbb,Arbitrum One,42161,2753866108002600,WETH
0x2cC82daB715f534D30d4d2d4A59C5A2e250bCC41,255659721347804457667076311904803601597023898689,0xf01e6cafdf193fceca86da770a9908bac1fb0b8866a44933c54a471c39039fbb,Arbitrum One,42161,2984286369559648,WETH
0x9BD215C2530dF574657510B2F991d5C326df7C50,889578621452568708664629518588828770216190114896,0xf01e6cafdf193fceca86da770a9908bac1fb0b8866a44933c54a471c39039fbb,Arbitrum One,42161,3000000000000000,WETH
0xf5aE7aB590736Fec32590B61E893aa5692Ad9B6b,1402593757998385314896353888244856624747345976171,0xf01e6cafdf193fceca86da770a9908bac1fb0b8866a44933c54a471c39039fbb,Arbitrum One,42161,3000000000000000,WETH
0x2F6d6091DBfA0688F6752b97b125ccE32F0CDfe1,270761759868152085918433403151860655514842882017,0xf01e6cafdf193fceca86da770a9908bac1fb0b8866a44933c54a471c39039fbb,Arbitrum One,42161,3322495354247400,WETH
0xC9D15F4E6f1b37CbF0E8068Ff84B5282edEF9707,1152176303038958412901782661583124668055318140679,0xf01e6cafdf193fceca86da770a9908bac1fb0b8866a44933c54a471c39039fbb,Arbitrum One,42161,3382220975972319,WETH
0xA1254C3B8Bf7469eB69bA16C0f3d07c7EebedB20,919979282471420879653285232869473332665610328864,0xf01e6cafdf193fceca86da770a9908bac1fb0b8866a44933c54a471c39039fbb,Arbitrum One,42161,3389570600235800,WETH
0xF7CE23e950D7ae6F56eE6dD245446c548Cf8eAfA,1414717802227642896487916800635924818021542587130,0xf01e6cafdf193fceca86da770a9908bac1fb0b8866a44933c54a471c39039fbb,Arbitrum One,42161,3786412000000000,WETH
0x38aa2684781AD05D8B382BFA7c0C66Fa8EBCd4F5,323497965193669645109381685670945424801779209461,0xf01e6cafdf193fceca86da770a9908bac1fb0b8866a44933c54a471c39039fbb,Arbitrum One,42161,3931009518828793,WETH
0x3184Dd77760ED4df21c73a2A62fd8320089B0da0,282703538602292674756102452513344752355158724000,0xd2f53b92d1bed69f94fdee091cddc33e8f425026e731e52ccfa0ba083691c597,Arbitrum One,42161,4065589640564465,WETH
0xd174ad0D1E36c7a60CD922E966354095233f8F23,1195781032434510250603285887553867409228486905635,0xf01e6cafdf193fceca86da770a9908bac1fb0b8866a44933c54a471c39039fbb,Arbitrum One,42161,4345654478034624,WETH
0x86971315B5eA532f00216e4704Acc4eFFE921a28,768373838336541980991735270911206956710780607016,0xf01e6cafdf193fceca86da770a9908bac1fb0b8866a44933c54a471c39039fbb,Arbitrum One,42161,4608787024278327,WETH
0xDc4fE84cb1C5188Ebc8cea61a2358F3906fB55fF,1257759964600021404749662788328608656966064756223,0xd2f53b92d1bed69f94fdee091cddc33e8f425026e731e52ccfa0ba083691c597,Arbitrum One,42161,4651534087514026,WETH
0x2a2DE42b4567A6F47b6b8a6803A58Cd676Da1A0c,240801022234124281531201316373892132000451140108,0xf01e6cafdf193fceca86da770a9908bac1fb0b8866a44933c54a471c39039fbb,Arbitrum One,42161,4718779315059760,WETH
0xce9C5f2FDc135F70926D35400C7Ed9336787F594,1179539306993647230170423461011222128040843146644,0xd2f53b92d1bed69f94fdee091cddc33e8f425026e731e52ccfa0ba083691c597,Arbitrum One,42161,4999328855781596,WETH
0xB3DACD1C7Db88Cb28D4F024165ef7e9dbC12C268,1026788778144380971098202308928375595527822295656,0xf01e6cafdf193fceca86da770a9908bac1fb0b8866a44933c54a471c39039fbb,Arbitrum One,42161,5000000000000000,WETH
0x1341df844780b66AF4ccC98Ae0F34be87eABe1d5,109939844135636159134625420710712870802333360597,0xf01e6cafdf193fceca86da770a9908bac1fb0b8866a44933c54a471c39039fbb,Arbitrum One,42161,5000000000000000,WETH
0x3668811B5b0966D1891C47caC0EF8615e3381CA9,310616025918652186747518743226768171718850124969,0xd2f53b92d1bed69f94fdee091cddc33e8f425026e731e52ccfa0ba083691c597,Arbitrum One,42161,5000000000000000,WETH
0x6Af243bDC68B6481a7187CEc31d4B9B4e4D6006C,610555703145807087304716427420397350619052376172,0xf01e6cafdf193fceca86da770a9908bac1fb0b8866a44933c54a471c39039fbb,Arbitrum One,42161,5043447664188860,WETH
0x7E4009B2B9Fe8AEc81571e2f7362c7CDc278541d,720760929644573278036378556029089790244549055517,0xf01e6cafdf193fceca86da770a9908bac1fb0b8866a44933c54a471c39039fbb,Arbitrum One,42161,6143776758471435,WETH
0x90EBCbceAc9De9B415aCd3668c62E5c2bFF8711b,827353100241946466922236870545907001436818403611,0xd2f53b92d1bed69f94fdee091cddc33e8f425026e731e52ccfa0ba083691c597,Arbitrum One,42161,6843241978128744,WETH
0x1910B089E8F022050232D094EFa58308788039F8,143096959884408472314969047908830544411496561144,0xd2f53b92d1bed69f94fdee091cddc33e8f425026e731e52ccfa0ba083691c597,Arbitrum One,42161,7150381478165233,WETH
0xE4389e093416713afaba98FD41f56963ccDa8812,1302912504351908029725318007301884920092094531602,0xd2f53b92d1bed69f94fdee091cddc33e8f425026e731e52ccfa0ba083691c597,Arbitrum One,42161,7338874174343475,WETH
0x3E40a9742d090624B1E6e53D7a97934E37071932,355399436992723155777835729969160566972740999474,0xd2f53b92d1bed69f94fdee091cddc33e8f425026e731e52ccfa0ba083691c597,Arbitrum One,42161,7791440315882530,WETH
0x8c580556Fdb1f57853e49F409Ae9b89f7658e7A2,801221638655740140432276796725380375678708934562,0x39393b09c2fb72a8489cb26c3c1c34c467772e760d2823f43476c686bd74f84b,Arbitrum One,42161,8195562794913662,WETH
0x2Cde49819A239cd30fD4B6af6fB82CBfC0D11F75,256152762648507111221611904092182152630315851637,0xf1fecec6e3813ce7f5a6941ed964a2cd17a6c1b29819bd6d58b25e894c41f01c,Arbitrum One,42161,9649662000000000,WETH
0x618Ef2BE1c4F3A3F2b8F8834CC0049A7765334a0,556959956452578740013124090215768491621377848480,0xf1fecec6e3813ce7f5a6941ed964a2cd17a6c1b29819bd6d58b25e894c41f01c,Arbitrum One,42161,9692200000000000,WETH
0xf165A9793a270c1347BadF883F48c36cb5e2310E,1378133914261383751442177802600002028102100332814,0xf1fecec6e3813ce7f5a6941ed964a2cd17a6c1b29819bd6d58b25e894c41f01c,Arbitrum One,42161,9698228000000000,WETH
0x50C57c918D52042bbD94b92C34E27DBD7c4b37cE,461123359922263436847390289272235070747493218254,0x39393b09c2fb72a8489cb26c3c1c34c467772e760d2823f43476c686bd74f84b,Arbitrum One,42161,9733494000000000,WETH
0x15cA03EeF77370E8f8464219DbBc93415bC4b8d7,124393899370383657532832738156879556224773044439,0xf1fecec6e3813ce7f5a6941ed964a2cd17a6c1b29819bd6d58b25e894c41f01c,Arbitrum One,42161,9736488000000000,WETH
0xFAA78C96d33cA4EFABd9B0A5f8D8f3De120D674A,1430984164197281969924242767657141702351265818442,0xf1fecec6e3813ce7f5a6941ed964a2cd17a6c1b29819bd6d58b25e894c41f01c,Arbitrum One,42161,9748464000000000,WETH
0xAB4A7E8D16e20D30AA7a3049f75dDb869b7FE491,977898701113825704924075906264772768170613138577,0xf1fecec6e3813ce7f5a6941ed964a2cd17a6c1b29819bd6d58b25e894c41f01c,Arbitrum One,42161,9861730000000000,WETH
0x1F12F614E39f93b451903De3eBAFE70a3A1891fA,177401564039662453951426035374951341471890444794,0xf1fecec6e3813ce7f5a6941ed964a2cd17a6c1b29819bd6d58b25e894c41f01c,Arbitrum One,42161,9945004945054208,WETH
0x720A68BF0813853Cd3Ed74D2fD0F54EdfC7A43E1,651057080008307176945238459056109356950289531873,0xf1fecec6e3813ce7f5a6941ed964a2cd17a6c1b29819bd6d58b25e894c41f01c,Arbitrum One,42161,9962203458396608,WETH
0xC08b45925A4dd11426093c698D700b9023b4E3DD,1099232092129762374282162991846689990134876922845,0xf1fecec6e3813ce7f5a6941ed964a2cd17a6c1b29819bd6d58b25e894c41f01c,Arbitrum One,42161,9965419999373194,WETH
0x247347ed995FE4cdCfa661781e92C43D97fF8146,208094519270581152025677962507202870190675034438,0xf1fecec6e3813ce7f5a6941ed964a2cd17a6c1b29819bd6d58b25e894c41f01c,Arbitrum One,42161,9987370000000000,WETH
0x649566f0bbD691b260D6B5fcaA4B1dC1942b0427,574230855487577857663273705504289210411044766759,0x39393b09c2fb72a8489cb26c3c1c34c467772e760d2823f43476c686bd74f84b,Arbitrum One,42161,10000000000000000,WETH
0x94C7C5F905fC888DDC48c51A90b68DdEC44F8d8C,849385728235031132108264731820143689646962871692,0xf1fecec6e3813ce7f5a6941ed964a2cd17a6c1b29819bd6d58b25e894c41f01c,Arbitrum One,42161,10000000000000000,WETH
0x72C6D2a7a10921Ec3e101472C46d69005d5bc804,655258846044480840622790716533536299018526377988,0x39393b09c2fb72a8489cb26c3c1c34c467772e760d2823f43476c686bd74f84b,Arbitrum One,42161,10000000000000000,WETH
0x79C4213a328E3B4F1D87b4953C14759399dB25E2,695161723837609522944009945752612885624470054370,0xf1fecec6e3813ce7f5a6941ed964a2cd17a6c1b29819bd6d58b25e894c41f01c,Arbitrum One,42161,10047757788880665,WETH
0x89B9dB3AeFEe940e5380E8B0d99A0b69cd71Fb53,786276471110514777586156206066418336918857186131,0xf1fecec6e3813ce7f5a6941ed964a2cd17a6c1b29819bd6d58b25e894c41f01c,Arbitrum One,42161,10059404795566757,WETH
0x5B38ddA75A794E084D059954D4597EfE51A0a5f7,520786310638693676638511037489278058351021827575,0xf1fecec6e3813ce7f5a6941ed964a2cd17a6c1b29819bd6d58b25e894c41f01c,Arbitrum One,42161,10594128694432409,WETH
0x1Fc550e98aD3021e32C47A84019F77a0792c60B7,181379009152844672421348813926818935315381379255,0x39393b09c2fb72a8489cb26c3c1c34c467772e760d2823f43476c686bd74f84b,Arbitrum One,42161,10982263736000000,WETH
0xd31d839a569CAA378b94e78fb2Ea050CA2c2239B,1205255238482656152458946163287997874685100565403,0xf1fecec6e3813ce7f5a6941ed964a2cd17a6c1b29819bd6d58b25e894c41f01c,Arbitrum One,42161,11195917093159270,WETH
0x2A0e1C741e055D7AF4213028Ccd69fc77299bad4,240092301464046038220864991189504851500512950996,0xf1fecec6e3813ce7f5a6941ed964a2cd17a6c1b29819bd6d58b25e894c41f01c,Arbitrum One,42161,11213142767292569,WETH
0xB14130755bdc32F3540B8ff1ab417304C80D0EEF,1011945136198588826859344950047669665148636565231,0x39393b09c2fb72a8489cb26c3c1c34c467772e760d2823f43476c686bd74f84b,Arbitrum One,42161,11348844773760293,WETH
0xC63e1e0FC1a2D35955Bbece7330486350F5B130e,1131765437555629022998251706529197051138509837070,0xf1fecec6e3813ce7f5a6941ed964a2cd17a6c1b29819bd6d58b25e894c41f01c,Arbitrum One,42161,11485365531712971,WETH
0x049769E8506aBf0A3f0C1b278Cf33238c96122fA,26212601450697940556751963117396350202015720186,0xf1fecec6e3813ce7f5a6941ed964a2cd17a6c1b29819bd6d58b25e894c41f01c,Arbitrum One,42161,11569675270168511,WETH
0x3985F56d313651FC262b49c393D1050058888888,328399852714608920078143762296076245412732242056,0xf1fecec6e3813ce7f5a6941ed964a2cd17a6c1b29819bd6d58b25e894c41f01c,Arbitrum One,42161,11736709468342060,WETH
0x2A2b5eE4240bd0D7cc6b42248576609196536E3e,240744810605308879202250495108075243864763625022,0xf1fecec6e3813ce7f5a6941ed964a2cd17a6c1b29819bd6d58b25e894c41f01c,Arbitrum One,42161,11751560507264898,WETH
0x45e0C495BF686647F85493C1D97394E0D1Ac6b4D,398932855075855703560004917537703251427329862477,0x5f9b96a845c552cd9d61ab3c8bd7767cd37f81ddfa6afa2ad174cbbec41e31e9,Arbitrum One,42161,11899496858266417,WETH
0xF2Bd2Ab4f71560181E1002Dde444661f6D5ae83a,1385794327677156934552458860327660538108422318138,0x5f9b96a845c552cd9d61ab3c8bd7767cd37f81ddfa6afa2ad174cbbec41e31e9,Arbitrum One,42161,11944171457893585,WETH
0xCA63DF2c5Ed095a80d5700eE1c6b165C0E21Ee8a,1155443350619287507386249757703606943741158485642,0x5f9b96a845c552cd9d61ab3c8bd7767cd37f81ddfa6afa2ad174cbbec41e31e9,Arbitrum One,42161,12366670295262588,WETH
0x20c6F73a8f39Cba0597B8bBA1073cD515e4D7Edf,187124788877054048704365795449018177787119107807,0x5f9b96a845c552cd9d61ab3c8bd7767cd37f81ddfa6afa2ad174cbbec41e31e9,Arbitrum One,42161,12930113692823567,WETH
0x41689f14353D5042F8f4c57eB2dFc3451fF64699,373417535334074683963706526028115208339822364313,0xe611485140a4845dd423228db36fa61fee2f5a7cfba5e91485e7302768f02ab4,Arbitrum One,42161,13311251785037704,WETH
0x0eE65257a24E4176B7f2c95Ea40B2437c2171531,85062215214949385358287343759572889147715032369,0x5f9b96a845c552cd9d61ab3c8bd7767cd37f81ddfa6afa2ad174cbbec41e31e9,Arbitrum One,42161,13878147481853384,WETH
0xd770d774Cf5D88659E211504d20B55150F7b3302,1229949468079226663977879180653805296496385143554,0x5f9b96a845c552cd9d61ab3c8bd7767cd37f81ddfa6afa2ad174cbbec41e31e9,Arbitrum One,42161,14476328021660067,WETH
0x9520b8279fAebcDAC3F4F2cA4e231B953b1787db,851369290842983364261827934428186720673113540571,0xe611485140a4845dd423228db36fa61fee2f5a7cfba5e91485e7302768f02ab4,Arbitrum One,42161,14485568467369041,WETH
0xc29f723839739c8a7aA9C9A6195E23D36eEd30c0,1111099977959166289947224499054912835048258220224,0x5f9b96a845c552cd9d61ab3c8bd7767cd37f81ddfa6afa2ad174cbbec41e31e9,Arbitrum One,42161,15000000000000000,WETH
0xD25f78Ee9D89eBA338b00E992BAc02244Cd36Bb0,1201017167337786767006200418556094418028185480112,0x5f9b96a845c552cd9d61ab3c8bd7767cd37f81ddfa6afa2ad174cbbec41e31e9,Arbitrum One,42161,15000000000000000,WETH
0x4AC9c82D9d42561a13094787C0Cf927CB49f7232,426965204804794876820206170356726986215195111986,0x5f9b96a845c552cd9d61ab3c8bd7767cd37f81ddfa6afa2ad174cbbec41e31e9,Arbitrum One,42161,15016999028135770,WETH
0x1ff0b864408167E0d271698e0920E079627B94D5,182346955517777015709837504828006635930681840853,0x5f9b96a845c552cd9d61ab3c8bd7767cd37f81ddfa6afa2ad174cbbec41e31e9,Arbitrum One,42161,15110128234080292,WETH
0x698aB54e68B8c51A27f2D5EB58c9dF2d117cf59a,602537327778877736366444514811857406519760713114,0x5f9b96a845c552cd9d61ab3c8bd7767cd37f81ddfa6afa2ad174cbbec41e31e9,Arbitrum One,42161,15239473751621188,WETH
0xaC80d8f67433E29ac33294254bD4329f7905F7dF,984819808084795691431308694417094158367196575711,0x5f9b96a845c552cd9d61ab3c8bd7767cd37f81ddfa6afa2ad174cbbec41e31e9,Arbitrum One,42161,15386966193678480,WETH
0x841aEf0C022985B325d85ebac1A9f2f8e0De2425,754187425046508759067465681308884129567863612453,0xe611485140a4845dd423228db36fa61fee2f5a7cfba5e91485e7302768f02ab4,Arbitrum One,42161,15738951315291791,WETH
0x3b606b9eB0098F40b502346D160EBCbb8932e4B2,338980702030867907047078516100849202810760389810,0x5f9b96a845c552cd9d61ab3c8bd7767cd37f81ddfa6afa2ad174cbbec41e31e9,Arbitrum One,42161,15779767334273982,WETH
0x7be3E2E04d372d19865aAf988FB0Bd68A8278F3D,707287897673906527773138046597401401691619168061,0x5f9b96a845c552cd9d61ab3c8bd7767cd37f81ddfa6afa2ad174cbbec41e31e9,Arbitrum One,42161,15807129174102447,WETH
0xd02a8B97B479968439A8F0374eA12150A2Bcd9A8,1188418871859971186947000740825925960056484714920,0x5f9b96a845c552cd9d61ab3c8bd7767cd37f81ddfa6afa2ad174cbbec41e31e9,Arbitrum One,42161,16000000000000000,WETH
0x6833338b84EaDb845e4Db8DE6d9e4e378Df3794B,594876868373313439327002931867759812329241540939,0xe611485140a4845dd423228db36fa61fee2f5a7cfba5e91485e7302768f02ab4,Arbitrum One,42161,16189569669268449,WETH
0x794c94f1b5E455c1dBA27BB28C6085dB0FE544F9,692495714772917088538281555430946119520660833529,0x5f9b96a845c552cd9d61ab3c8bd7767cd37f81ddfa6afa2ad174cbbec41e31e9,Arbitrum One,42161,16521565308669007,WETH
0x26d125498742B99B521B838F31Df87b22947DD5e,221605753212783298090254030195399716962950438238,0x5f9b96a845c552cd9d61ab3c8bd7767cd37f81ddfa6afa2ad174cbbec41e31e9,Arbitrum One,42161,17365913215407894,WETH
0xBC3e9e4264f8AFE4913c50CB9B11F71Ef28C691c,1074686697451218220821573179073073035958196922652,0xe611485140a4845dd423228db36fa61fee2f5a7cfba5e91485e7302768f02ab4,Arbitrum One,42161,17759977326293735,WETH
0x4EE58A3585a42a8c947a1dE7184D7BF05d273D6B,450420190482786748436663739419244041302962552171,0x5f9b96a845c552cd9d61ab3c8bd7767cd37f81ddfa6afa2ad174cbbec41e31e9,Arbitrum One,42161,17854226319458326,WETH
0x055Cc85E9864f755E1E15F5fFd8D6C501F7Ffc84,30614077058679759172365092841225160323462331524,0x5f9b96a845c552cd9d61ab3c8bd7767cd37f81ddfa6afa2ad174cbbec41e31e9,Arbitrum One,42161,18350402351689344,WETH
0xaE77719E9997567951Bc08e6E42F885798Ad4B71,996028080459055157866418152608699435239103875953,0xe611485140a4845dd423228db36fa61fee2f5a7cfba5e91485e7302768f02ab4,Arbitrum One,42161,20000000000000000,WETH
0xF396923a852Cb675AA52604ECD6489385dA4b9Cf,1390642607397115401492449868683333024962754951631,0x5f9b96a845c552cd9d61ab3c8bd7767cd37f81ddfa6afa2ad174cbbec41e31e9,Arbitrum One,42161,21072550305676116,WETH
0xC81b3fF15b19045913775E3beab0b8EE7d05EcA8,1142405844488282003738018787799932319197160664232,0x25c3386d8806df5dc13e57fa55fc3bb35756d29304a79aef60fb3b3899ea0e9b,Arbitrum One,42161,21527667894165851,WETH
0x0A251dF99A88A20a93876205Fb7f5Faf2E85A481,57917646472595962971331576857006159229085918337,0xef2a3815343b9ca4e0c7ccb039d9d85ccc83b190bd41f9c87bf9486eef10da93,Arbitrum One,42161,22021081240225485,WETH
0xD3c21283380A37461069EDEDe4A47926c19D0F1c,1208925009884971730646149675449219014656853348124,0xef2a3815343b9ca4e0c7ccb039d9d85ccc83b190bd41f9c87bf9486eef10da93,Arbitrum One,42161,22757871393608687,WETH
0xC52dDBF8B6d3A5b68bf4cEbbc7240834A3CBA73B,1125693877609894747132483088955746404823707920187,0xef2a3815343b9ca4e0c7ccb039d9d85ccc83b190bd41f9c87bf9486eef10da93,Arbitrum One,42161,23774423704166697,WETH
0x72404F96D14F6c1ce2d94e833231C659B98babE8,652259128757788348203595024319234303518837550056,0xef2a3815343b9ca4e0c7ccb039d9d85ccc83b190bd41f9c87bf9486eef10da93,Arbitrum One,42161,23790420982114972,WETH
0x98dc06b6809984A490e3c8a8A3e262aE6Ed16be9,872673345884945010143008567401035944967961406441,0xef2a3815343b9ca4e0c7ccb039d9d85ccc83b190bd41f9c87bf9486eef10da93,Arbitrum One,42161,23994824571436428,WETH
0xfF3b3fBc04CFe60b9979E432C9Ad3E261301843b,1457113942580287450782845729151759215062901949499,0x25c3386d8806df5dc13e57fa55fc3bb35756d29304a79aef60fb3b3899ea0e9b,Arbitrum One,42161,24043170391272188,WETH
0x78F1960Cb32F1dA2D2f3C299054E6580048CbEb7,690466443256161240461324379940954665338530479799,0xef2a3815343b9ca4e0c7ccb039d9d85ccc83b190bd41f9c87bf9486eef10da93,Arbitrum One,42161,24361010969128187,WETH
0xCa695144Ed80D2E5F10C8938c08dfFbf2516a170,1155564793502318649051534750699010058927497191792,0xef2a3815343b9ca4e0c7ccb039d9d85ccc83b190bd41f9c87bf9486eef10da93,Arbitrum One,42161,24418235955023164,WETH
0x01B35f57fEEeaBEaE0BcaD7e95a13CbA1DD03038,9709129771953424894330701057842468896839315512,0x25c3386d8806df5dc13e57fa55fc3bb35756d29304a79aef60fb3b3899ea0e9b,Arbitrum One,42161,24845730000000000,WETH
0x5C1dBa0BC09fa7f706079e0CfCdf0Bc6EdA95c02,525890079410880724961590097685620545455036914690,0xef2a3815343b9ca4e0c7ccb039d9d85ccc83b190bd41f9c87bf9486eef10da93,Arbitrum One,42161,24930660000000000,WETH
0x5A69209542697fD0f5Fc00e198fB092797bbDba4,516153586003490591472124499544133203838514224036,0xef2a3815343b9ca4e0c7ccb039d9d85ccc83b190bd41f9c87bf9486eef10da93,Arbitrum One,42161,24988013929402961,WETH
0xc4F74EFc83641b1099Ff09e587fD0C742560dFF0,1124477355829617398115433642154962491889367965680,0xef2a3815343b9ca4e0c7ccb039d9d85ccc83b190bd41f9c87bf9486eef10da93,Arbitrum One,42161,24997072000000000,WETH
0x59070F02Fa3693Bb7af1A41e80cC0aE3f1509E4b,508257591517155521608834454669563963801645129291,0xef2a3815343b9ca4e0c7ccb039d9d85ccc83b190bd41f9c87bf9486eef10da93,Arbitrum One,42161,25000000000000000,WETH
0x795A805D3BC88d0724DEA1432f309B65cAeef89e,692806132435877498982575351749338523102067226782,0x25c3386d8806df5dc13e57fa55fc3bb35756d29304a79aef60fb3b3899ea0e9b,Arbitrum One,42161,25000000000000000,WETH
0x03f0018a14abE81AF024E5D80A46603f55987345,22479285258848585308211663223181491015186412357,0xef2a3815343b9ca4e0c7ccb039d9d85ccc83b190bd41f9c87bf9486eef10da93,Arbitrum One,42161,25000000000000000,WETH
0x69287aA27c0f05B9C34282B76339e557F662C087,600346743733973762972159162443678002652786114695,0x25c3386d8806df5dc13e57fa55fc3bb35756d29304a79aef60fb3b3899ea0e9b,Arbitrum One,42161,25000000000000000,WETH
0xBf6788EAbf9321d3bEA6eee2cFf5136fcE675333,1092726141134409083134039774981691482719052583731,0xef2a3815343b9ca4e0c7ccb039d9d85ccc83b190bd41f9c87bf9486eef10da93,Arbitrum One,42161,25000000000000000,WETH
0xbB7422f8f671992fa552289CBE542946b491DCd8,1070171207122416143048802060053490873243513511128,0xef2a3815343b9ca4e0c7ccb039d9d85ccc83b190bd41f9c87bf9486eef10da93,Arbitrum One,42161,25000000000000000,WETH
0x9579C8cB2Ad52040F2073737Fd200AD70d2C42Dd,853355506613215320747149865881513314086204228317,0xef2a3815343b9ca4e0c7ccb039d9d85ccc83b190bd41f9c87bf9486eef10da93,Arbitrum One,42161,25000000000000000,WETH
0xE2A26d5174b133AbC4B338DF1B07295f03A4c85e,1293854157885498507955311535417175674617604655198,0x25c3386d8806df5dc13e57fa55fc3bb35756d29304a79aef60fb3b3899ea0e9b,Arbitrum One,42161,25000000000000000,WETH
0x37a4226D422efa06d32D2F3842aeE4E9Dbe2504e,317654813604342834779136173205008099008533647438,0xef2a3815343b9ca4e0c7ccb039d9d85ccc83b190bd41f9c87bf9486eef10da93,Arbitrum One,42161,25000000000000000,WETH
0x97C79b234911576e9c420f0aBBF27f0568Ec19d1,866508969100233313307433648132085298247183899089,0xef2a3815343b9ca4e0c7ccb039d9d85ccc83b190bd41f9c87bf9486eef10da93,Arbitrum One,42161,25000000000000000,WETH
0xD41f93A21C395C3b2091f8F31CF09565c25c3AEd,1211010227185100053872241488240604064156581903085,0x25c3386d8806df5dc13e57fa55fc3bb35756d29304a79aef60fb3b3899ea0e9b,Arbitrum One,42161,25000000000000000,WETH
0x0fB213a1Af101b1429e6aD3020ad92Fb0D25Eb1E,89606104359288346733156559555900847405001992990,0x25c3386d8806df5dc13e57fa55fc3bb35756d29304a79aef60fb3b3899ea0e9b,Arbitrum One,42161,25009729270877486,WETH
0xC9d63C72C307c4EcBE26f2f1ba9E0D52d2EE2D36,1152284770196662831689980441828847389533151309110,0xef2a3815343b9ca4e0c7ccb039d9d85ccc83b190bd41f9c87bf9486eef10da93,Arbitrum One,42161,25033260288099737,WETH
0x576Eb27cBf54518D3De5a38eA7746ef6A9b8b5E6,499150827469742112870665884422012607001689372134,0xef2a3815343b9ca4e0c7ccb039d9d85ccc83b190bd41f9c87bf9486eef10da93,Arbitrum One,42161,25038582627407997,WETH
0xc8DeD4bB17CaB4bbA7C6DD3E32cEe1071F1cB0B9,1146767451067886604141628013402528615951469686969,0x25c3386d8806df5dc13e57fa55fc3bb35756d29304a79aef60fb3b3899ea0e9b,Arbitrum One,42161,25113871738768252,WETH
0x98917610E18F35A9F55b7Fe849b5DDca559BFD1D,871010490213088252418659719493717862987572444445,0xef2a3815343b9ca4e0c7ccb039d9d85ccc83b190bd41f9c87bf9486eef10da93,Arbitrum One,42161,25151789046218965,WETH
0xFdFC89fc7DEe5532CFBa75AE50Fd62add5ae5E21,1450006473110181226048894804493913084771475283489,0x529e9584989d440d81aeee5adef7e63314b35df9a382537b371ee5fd5bde875a,Arbitrum One,42161,25165066934387228,WETH
0x1e89470A44e29eDED4D118fb01EE3a66d958d4A4,174331113683602890362917465745511774022522164388,0xbb5761e80918a4367a9ee7a33875ff63cb5be24aa082604fade3d6bce3553fb5,Arbitrum One,42161,25316284025212780,WETH
0x81Ab9606a43E6726E6426e38085F1C4aAE5f1226,740286305968125406629982518415965075563998024230,0x529e9584989d440d81aeee5adef7e63314b35df9a382537b371ee5fd5bde875a,Arbitrum One,42161,25341619746593730,WETH
0xC8D46eb7881975F9aE15216FeEBa2ff58E55803c,1146535556950889244783328250016797276088313413692,0x529e9584989d440d81aeee5adef7e63314b35df9a382537b371ee5fd5bde875a,Arbitrum One,42161,25423854000000000,WETH
0x7173E3998f54C911603Da66e1BD4d946eAb6fDFB,647700369543553370853549642750147389071616835067,0x529e9584989d440d81aeee5adef7e63314b35df9a382537b371ee5fd5bde875a,Arbitrum One,42161,25500000000000000,WETH
0xe3f1ABd4Fc3435C452b6267C407Ec535800b52f0,1301330353245850115315634029675357291148055630576,0xbb5761e80918a4367a9ee7a33875ff63cb5be24aa082604fade3d6bce3553fb5,Arbitrum One,42161,25500000000000000,WETH
0xb7C13c89679a8E887fc76F6eab9D2dC734971A36,1049054628377632205183150232730580552647949359670,0xbb5761e80918a4367a9ee7a33875ff63cb5be24aa082604fade3d6bce3553fb5,Arbitrum One,42161,25567440000000000,WETH
0x80092f94F8D3f9048624ed68F5a0DaBeAfB9FEDC,730955670342216500010830799940654439612284534492,0x529e9584989d440d81aeee5adef7e63314b35df9a382537b371ee5fd5bde875a,Arbitrum One,42161,25571135198555143,WETH
0xe1fDE9AB0C643778eB27a1cF821dabd23bDFB70e,1290185367337970074973168890168296847706091927310,0x529e9584989d440d81aeee5adef7e63314b35df9a382537b371ee5fd5bde875a,Arbitrum One,42161,25812360000000000,WETH
0x33DF8400B73136c3eD3D658a4384353f5d903Eab,296143094556535393596750427376361134710640885419,0xbb5761e80918a4367a9ee7a33875ff63cb5be24aa082604fade3d6bce3553fb5,Arbitrum One,42161,25861730000000000,WETH
0xEEb138af416e7599Ea6A091173521f4C5C282044,1362691973280613474418421918043152269895774249028,0x529e9584989d440d81aeee5adef7e63314b35df9a382537b371ee5fd5bde875a,Arbitrum One,42161,25870843772277075,WETH
0xb7D2231bd4309e8784Dd635D7caE8c636D8CDa72,1049431525952134362981609792134638362181178808946,0x529e9584989d440d81aeee5adef7e63314b35df9a382537b371ee5fd5bde875a,Arbitrum One,42161,26000000000000000,WETH
0xC8178cd190c167A46D372c43189CC0600568D31E,1142323338335792288891686990175385983783545656094,0x529e9584989d440d81aeee5adef7e63314b35df9a382537b371ee5fd5bde875a,Arbitrum One,42161,26000000000000000,WETH
0x920A15aeDD6724358e5Ec1CaC9b3893fdC22026B,833737548853697216032721850523110428540919743083,0x529e9584989d440d81aeee5adef7e63314b35df9a382537b371ee5fd5bde875a,Arbitrum One,42161,26063856068330579,WETH
0x52Ff0010d4058bb726725ad76F542C53033D67a1,473823938959523150979506985342968613397791074209,0x529e9584989d440d81aeee5adef7e63314b35df9a382537b371ee5fd5bde875a,Arbitrum One,42161,26094200000000000,WETH
0x2efAE224b795420E450A09De3Ef6A13cb420bAa2,268208461628338776099791381434520555389573970594,0xbb5761e80918a4367a9ee7a33875ff63cb5be24aa082604fade3d6bce3553fb5,Arbitrum One,42161,26101062033867017,WETH
0x2841041Fbe3136097ff5ADBb1Ef414e30DCA06dF,229809538521564010811580416378244989890488567519,0x529e9584989d440d81aeee5adef7e63314b35df9a382537b371ee5fd5bde875a,Arbitrum One,42161,26278755225998640,WETH
0x191116b78054a0b04F127ebe40A9E94531F577a9,143105860851515249507150762677558916054911383465,0xbb5761e80918a4367a9ee7a33875ff63cb5be24aa082604fade3d6bce3553fb5,Arbitrum One,42161,26337666589234216,WETH
0x8965201466Cfd7A2D412161c623472b6F6A394F8,784386905403375197142335707973921102767805666552,0xbb5761e80918a4367a9ee7a33875ff63cb5be24aa082604fade3d6bce3553fb5,Arbitrum One,42161,26377288215076081,WETH
0x88dA3B830D4b5457905a9AE091DE70C8f7e4939f,781289491504852988507579458502368184752165655455,0x529e9584989d440d81aeee5adef7e63314b35df9a382537b371ee5fd5bde875a,Arbitrum One,42161,26500000000000000,WETH
0x60477B8d153DBA2d606e9bD9D519C8b6014bB532,549657229727401905075243460278447549560151323954,0xbb5761e80918a4367a9ee7a33875ff63cb5be24aa082604fade3d6bce3553fb5,Arbitrum One,42161,26711164469607632,WETH
0x686c88Efd23563DeFeb739f4882dFB967219eE57,596155449524908127791737747922785013858137927255,0xbb5761e80918a4367a9ee7a33875ff63cb5be24aa082604fade3d6bce3553fb5,Arbitrum One,42161,26843843765876489,WETH
0x9F46Afe0C53b9436E2A402a0484046f1263F5a94,909305905860343143135722338292378605800067652244,0x529e9584989d440d81aeee5adef7e63314b35df9a382537b371ee5fd5bde875a,Arbitrum One,42161,27184998056122530,WETH
0x808979E64E19d52D36A2b0d3aFa72a60d1f12019,733816639713006204106032219108950876817980465177,0x529e9584989d440d81aeee5adef7e63314b35df9a382537b371ee5fd5bde875a,Arbitrum One,42161,27245925676588440,WETH
0xcB4cE371aF010A94E55872ca5BB16FfC60b96306,1160639796285762028600181972785692653676071052038,0x529e9584989d440d81aeee5adef7e63314b35df9a382537b371ee5fd5bde875a,Arbitrum One,42161,27277986596911192,WETH
0x9CDC5Ea1A677BC3221107de9090B7a5dD3F2a888,895516967753807910296893937555188020378407708808,0x529e9584989d440d81aeee5adef7e63314b35df9a382537b371ee5fd5bde875a,Arbitrum One,42161,28788846489962570,WETH
0x987a8f3A0A7aD3B6a4b943c0411f4021b22A24Fe,870499764886639901069928443778550974224527926526,0x529e9584989d440d81aeee5adef7e63314b35df9a382537b371ee5fd5bde875a,Arbitrum One,42161,28873431616929862,WETH
0x8a4a50B13Fd2cb36FeB96c408CB98B4c9F2b8F25,789498010816070474043532947049426966130560044837,0x529e9584989d440d81aeee5adef7e63314b35df9a382537b371ee5fd5bde875a,Arbitrum One,42161,29256340000000000,WETH
0x2AaeC1cB5C64011ac58D4C199Ca38E332E2548A2,243674823910459130824077076264830758454968010914,0x529e9584989d440d81aeee5adef7e63314b35df9a382537b371ee5fd5bde875a,Arbitrum One,42161,29929110000000000,WETH
0xe722C6833a0BF4B874C18C3f10cB54fD58A4180A,1319552386283818828999471638908459114803675535370,0x507c884f6578e023cf3eb72c40d4b19c4763c1160740212d24cac1501b8a91ed,Arbitrum One,42161,30000000000000000,WETH
0x28d9E67aA72214f90D728901Df0ddCD15B668151,233218970103405834171697715675047157406867292497,0x507c884f6578e023cf3eb72c40d4b19c4763c1160740212d24cac1501b8a91ed,Arbitrum One,42161,30081729144143438,WETH
0x61412Be4424150e9Bcd38F0b61D9A748c4Af21B1,555225476708559836148368562378669328546560680369,0xb9936ad41d332a29b9ffd05c3fa61363821052f61f452e13c99a57d38ee63657,Arbitrum One,42161,31225513115258990,WETH
0xD50bf784C8c04484988F0dCB08700444f7FC9ccf,1216281904301403143724022456843625610178320964815,0x507c884f6578e023cf3eb72c40d4b19c4763c1160740212d24cac1501b8a91ed,Arbitrum One,42161,32993587795068241,WETH
0x1E109d267DA61261cb160cb6387fCCC0463d6176,171640224774528698634632027891320077093357576566,0x507c884f6578e023cf3eb72c40d4b19c4763c1160740212d24cac1501b8a91ed,Arbitrum One,42161,35042141014771495,WETH
0x6F938D0c0782cB5C598294f0e59B36C30035d7e5,636988472031318689245669917440083562998940424165,0xb9936ad41d332a29b9ffd05c3fa61363821052f61f452e13c99a57d38ee63657,Arbitrum One,42161,37528848666387459,WETH
0x39E1C2C1Ec95A3bF5D2f8f3DA8757ef30a6c97A7,330447107379070600748453503745054757821027751847,0x507c884f6578e023cf3eb72c40d4b19c4763c1160740212d24cac1501b8a91ed,Arbitrum One,42161,38518666000000000,WETH
0x7597104F5D2fe7C834954fC5B41Ef54eB67D2591,671320753514116186006607673389622427942213461393,0x507c884f6578e023cf3eb72c40d4b19c4763c1160740212d24cac1501b8a91ed,Arbitrum One,42161,38685550523808852,WETH
0xeFCe60762558E113395d48B58E8567c556D36f23,1369051150720206623346136789876616182261565583139,0xb9936ad41d332a29b9ffd05c3fa61363821052f61f452e13c99a57d38ee63657,Arbitrum One,42161,38998964845951174,WETH
0x3aFF5Ae7a64450f96425C90C4BA928B9db8fBfC3,336816073665375184303848551288459938270112890819,0x507c884f6578e023cf3eb72c40d4b19c4763c1160740212d24cac1501b8a91ed,Arbitrum One,42161,40000000000000000,WETH
0x27281979AD55263B88aD13fd2882ADB5ba8f61E6,223544889081784221762565917994102751797670011366,0x507c884f6578e023cf3eb72c40d4b19c4763c1160740212d24cac1501b8a91ed,Arbitrum One,42161,41166424970036363,WETH
0xe3D21B1C63EDC070EA93FB8B29cc05f10A2AA9e6,1300626423161157483280558517475713663050602686950,0xb9936ad41d332a29b9ffd05c3fa61363821052f61f452e13c99a57d38ee63657,Arbitrum One,42161,42000000000000000,WETH
0x6a61857928149cb7cd2ad29251902787BCf9C3b0,607327821153055925946515733299539804586593862576,0x507c884f6578e023cf3eb72c40d4b19c4763c1160740212d24cac1501b8a91ed,Arbitrum One,42161,42364002070908565,WETH
0x60C63D3F8F6abD0b17c7ad6F32F8245eD3492Dd7,552483997026262432221106616598204014336039005655,0xb9936ad41d332a29b9ffd05c3fa61363821052f61f452e13c99a57d38ee63657,Arbitrum One,42161,43800984330120285,WETH
0x39c31A899662Da8BBA43862c82C8bA531Dc61390,329763430988688295424398795866295793075708367760,0x507c884f6578e023cf3eb72c40d4b19c4763c1160740212d24cac1501b8a91ed,Arbitrum One,42161,44265952611053980,WETH
0xb8Ac952dCdFD1E77222213aE508aD8864dC391b4,1054303025322850091510344020705767667549455225268,0xb9936ad41d332a29b9ffd05c3fa61363821052f61f452e13c99a57d38ee63657,Arbitrum One,42161,49861730000000000,WETH
0xB6636526C005a7C493b360bA141694f9e493182E,1041252905591443515293848477795927065914831476782,0x507c884f6578e023cf3eb72c40d4b19c4763c1160740212d24cac1501b8a91ed,Arbitrum One,42161,50032400000000000,WETH
0x92Ff028954F615c00aC555f2E852D0E1b85Eb5b3,839199563522094908947068196759202045887359399347,0xb9936ad41d332a29b9ffd05c3fa61363821052f61f452e13c99a57d38ee63657,Arbitrum One,42161,50181637007706980,WETH
0xE451DC0948F33B1261c585f0DB84cca9Ab69F3A4,1303475423971330023493999909271319560041590813604,0x507c884f6578e023cf3eb72c40d4b19c4763c1160740212d24cac1501b8a91ed,Arbitrum One,42161,60000000000000000,WETH
0x570a995e230e6c4a48E3F9793762800BE10AEFBE,496918564726547263119822662112877745683254931390,0x507c884f6578e023cf3eb72c40d4b19c4763c1160740212d24cac1501b8a91ed,Arbitrum One,42161,75739296955688239,WETH
0x39e780f80e1A3ca5a2CBBc8D027eBe2C1D418C28,330575180859191110258210294362851016254777560104,0x507c884f6578e023cf3eb72c40d4b19c4763c1160740212d24cac1501b8a91ed,Arbitrum One,42161,82223951405541362,WETH
0xf87aCAA7c2446Ff1BD45827f55F7F75104ab8614,1418568055845672007268316973623983879289058330132,0x507c884f6578e023cf3eb72c40d4b19c4763c1160740212d24cac1501b8a91ed,Arbitrum One,42161,99667418999672265,WETH
0xFAF33E42372CE3E86A8c219af9Ef24Ccc35CE037,1432672197282907431749744285270830024948193222711,0x507c884f6578e023cf3eb72c40d4b19c4763c1160740212d24cac1501b8a91ed,Arbitrum One,42161,99798723810000000,WETH
0xBE35abF3bA9FF7740de1Bc1c4AEF9a8E4d16CDa2,1085905165089628126787458469471111639195369000354,0x507c884f6578e023cf3eb72c40d4b19c4763c1160740212d24cac1501b8a91ed,Arbitrum One,42161,100000000000000000,WETH
0xb8Ff99c9aB9C920372343a87f6E0a2F0F2db71A8,1056154388661826038880341271000159560284845601192,0x507c884f6578e023cf3eb72c40d4b19c4763c1160740212d24cac1501b8a91ed,Arbitrum One,42161,100000000000000000,WETH
0xCdb8B0d19aD772702c1bDB3C070A249722D03EcA,1174461848222575189662747803752553622822626279114,0x507c884f6578e023cf3eb72c40d4b19c4763c1160740212d24cac1501b8a91ed,Arbitrum One,42161,100000000000000000,WETH
0x26c9Fc612b005781127246BBc5dC39f823E3106E,221446084436813530700022798219099832955418382446,0x507c884f6578e023cf3eb72c40d4b19c4763c1160740212d24cac1501b8a91ed,Arbitrum One,42161,100000000000000000,WETH
0x8330A84D3C16A55302f921C36979B1067418053a,748962887893102499671458843746735899007956550970,0xb9936ad41d332a29b9ffd05c3fa61363821052f61f452e13c99a57d38ee63657,Arbitrum One,42161,118024761923798194,WETH
0x5A4e3ec056a6FE01e7a601EfC66872cBf1C7E0a8,515554093910753844540478575271615954031936528552,0x83c0d4a46d7d4683e55be2418deb726c49feec57f705eb67ecd413cf1d2e7247,Arbitrum One,42161,133451914139124541,WETH
0x2C8cF899e98c538E3c58319e7e5a0105344a53b6,254339354464595181037978778554490526679586984886,0x83c0d4a46d7d4683e55be2418deb726c49feec57f705eb67ecd413cf1d2e7247,Arbitrum One,42161,136246553826521922,WETH
0xAd9d6A792c099007D0908904C677De2d254671db,991165895483704393317644409539507445277093425627,0x83c0d4a46d7d4683e55be2418deb726c49feec57f705eb67ecd413cf1d2e7247,Arbitrum One,42161,149401300353186081,WETH
0x17Ae58ab79444AD5b8EE2e232CaF13C65c32aF75,135194841624130557373669338000934311695368761205,0x83c0d4a46d7d4683e55be2418deb726c49feec57f705eb67ecd413cf1d2e7247,Arbitrum One,42161,157397201792764934,WETH
0x492C0f5a03BCf41200f0B065a823BA404fB05d33,417738896373546418106508972431118368595021684019,0x83c0d4a46d7d4683e55be2418deb726c49feec57f705eb67ecd413cf1d2e7247,Arbitrum One,42161,160473344348354339,WETH
0x364c098AD0Dd42766360923aB04d4e580e28BB99,309981189506743951346785741113058215806804474777,0x83c0d4a46d7d4683e55be2418deb726c49feec57f705eb67ecd413cf1d2e7247,Arbitrum One,42161,212567845002498117,WETH
0x8E0Bb427E30706FACaa4f24AefcE7A7377261297,810937691438420318742059068353859675819860169367,0x83c0d4a46d7d4683e55be2418deb726c49feec57f705eb67ecd413cf1d2e7247,Arbitrum One,42161,271669416656445366,WETH
0x5cfD4E2C982A66B32120E43B016F29c21CBe9b7b,530876049384011120530027709236866193327365462907,0x83c0d4a46d7d4683e55be2418deb726c49feec57f705eb67ecd413cf1d2e7247,Arbitrum One,42161,300000000000000000,WETH
0xdE79aAA2f54160b45EF69E1C4b8Fc4c290cd5B88,1270109205832266739878734859027662194672598342536,0x83c0d4a46d7d4683e55be2418deb726c49feec57f705eb67ecd413cf1d2e7247,Arbitrum One,42161,446572031328542792,WETH
0x0B3CF56E7dF3BB3Fb7201fFcD96d279b05DDd2E3,64158323299506740187099291547594478829726192355,0x83c0d4a46d7d4683e55be2418deb726c49feec57f705eb67ecd413cf1d2e7247,Arbitrum One,42161,475731325540023091,WETH
0xD425333DD22B049f143522e519a06462c633F37a,1211135634750167755756408096078001088086238557050,0x83c0d4a46d7d4683e55be2418deb726c49feec57f705eb67ecd413cf1d2e7247,Arbitrum One,42161,475851052173849254,WETH
0x379CAdAb8F98bF10121E2e9B7fc02CA802345E8b,317488537450905596779281982871836904145275870859,0x49c24fcc48642a11d5ed31e7a5c1d8160071d5ee880540c16ab2cd82eb382156,Ethereum,1,560000000000000000,WETH
0x9C55bF655791047AA9f944fD5aa251Ec3C85CE57,892514796521921903495149083234368746139484016215,0x49c24fcc48642a11d5ed31e7a5c1d8160071d5ee880540c16ab2cd82eb382156,Ethereum,1,996438110114290134,WETH
0x6639C089AdFbA8bb9968dA643C6BE208a70d6daA,583604973509194175217014315255970017705691278762,0x49c24fcc48642a11d5ed31e7a5c1d8160071d5ee880540c16ab2cd82eb382156,Ethereum,1,5122774275957737236,WETH
0x31304cCDd28E62eF552824db08a350D752068c39,280817674111390831076118952416525610420808354873,0x374c86e354c67a1254b5b5a56738f21b1cc7e62a7dcc7f5b49232992c8748985,Ethereum,1,5138537656307661076,WETH
